id,city,country,state
5554072,Juneau,US,AK
5554428,Ketchikan,US,AK
5557293,Sitka,US,AK
5859699,College,US,AK
5861187,Eagle River,US,AK
5861897,Fairbanks,US,AK
5862727,Gateway,US,AK
5864145,Homer,US,AK
5865702,Kalifornsky,US,AK
5866063,Kenai,US,AK
5866583,Kodiak,US,AK
5868651,Meadow Lakes,US,AK
5871146,Palmer,US,AK
5875173,Sterling,US,AK
5875796,Tanaina,US,AK
5877641,Wasilla,US,AK
5879400,Anchorage,US,AK
5879898,Badger,US,AK
5880568,Bethel,US,AK
7262897,Knik-Fairview,US,AK
7262905,Lakes,US,AK
8605012,Elmendorf Air Force Base,US,AK
4046255,Bay Minette,US,AL
4048023,Bessemer,US,AL
4049979,Birmingham,US,AL
4051059,Boaz,US,AL
4051714,Brewton,US,AL
4051894,Brook Highland,US,AL
4052964,Cahaba Heights,US,AL
4053050,Calera,US,AL
4054378,Center Point,US,AL
4054852,Chelsea,US,AL
4054996,Chickasaw,US,AL
4055045,Childersburg,US,AL
4055577,Clanton,US,AL
4055650,Clay,US,AL
4057835,Cullman,US,AL
4058061,Daleville,US,AL
4058198,Danville,US,AL
4058219,Daphne,US,AL
4058553,Decatur,US,AL
4058662,Demopolis,US,AL
4059102,Dothan,US,AL
4059870,East Florence,US,AL
4060791,Enterprise,US,AL
4060954,Eufaula,US,AL
4061206,Fairfield,US,AL
4061234,Fairhope,US,AL
4062577,Florence,US,AL
4062644,Foley,US,AL
4062774,Forestdale,US,AL
4062861,Fort Payne,US,AL
4063570,Fultondale,US,AL
4063619,Gadsden,US,AL
4063765,Gardendale,US,AL
4064310,Glencoe,US,AL
4065029,Grayson Valley,US,AL
4065302,Greenville,US,AL
4065552,Gulf Shores,US,AL
4065649,Guntersville,US,AL
4065965,Hamilton,US,AL
4066449,Hartselle,US,AL
4066463,Harvest,US,AL
4066811,Helena,US,AL
4067927,Homewood,US,AL
4067994,Hoover,US,AL
4068446,Hueytown,US,AL
4068590,Huntsville,US,AL
4069243,Irondale,US,AL
4069458,Jackson,US,AL
4069553,Jacksonville,US,AL
4069659,Jasper,US,AL
4071488,Lake Purdy,US,AL
4071763,Lanett,US,AL
4072130,Leeds,US,AL
4072767,Lincoln,US,AL
4074267,Madison,US,AL
4075692,Meadowbrook,US,AL
4075854,Meridianville,US,AL
4075977,Midfield,US,AL
4076239,Millbrook,US,AL
4076598,Mobile,US,AL
4076725,Monroeville,US,AL
4076771,Montevallo,US,AL
4076784,Montgomery,US,AL
4076842,Moody,US,AL
4076982,Moores Mill,US,AL
4078646,Mountain Brook,US,AL
4078964,Muscle Shoals,US,AL
4080555,Northport,US,AL
4081644,Opelika,US,AL
4081671,Oneonta,US,AL
4081683,Opp,US,AL
4081696,Orange Beach,US,AL
4081914,Oxford,US,AL
4081936,Ozark,US,AL
4082569,Pelham,US,AL
4082589,Pell City,US,AL
4082866,Phenix City,US,AL
4083073,Pike Road,US,AL
4083697,Pinson,US,AL
4083846,Pleasant Grove,US,AL
4084796,Prattville,US,AL
4084888,Prichard,US,AL
4085336,Rainbow City,US,AL
4086285,Roanoke,US,AL
4086363,Robertsdale,US,AL
4087313,Russellville,US,AL
4088146,Saks,US,AL
4088628,Saraland,US,AL
4088737,Satsuma,US,AL
4088916,Scottsboro,US,AL
4089114,Selma,US,AL
4089536,Sheffield,US,AL
4091058,Southside,US,AL
4091136,Spanish Fort,US,AL
4092671,Sylacauga,US,AL
4092788,Talladega,US,AL
4092970,Tarrant,US,AL
4093399,Theodore,US,AL
4093753,Tillmans Corner,US,AL
4094163,Troy,US,AL
4094212,Trussville,US,AL
4094455,Tuscaloosa,US,AL
4094484,Tuscumbia,US,AL
4094490,Tuskegee,US,AL
4095186,Valley,US,AL
4095415,Vestavia Hills,US,AL
4097257,Wetumpka,US,AL
4829762,Alabaster,US,AL
4829791,Albertville,US,AL
4829843,Alexander City,US,AL
4830099,Andalusia,US,AL
4830198,Anniston,US,AL
4830455,Arab,US,AL
4830668,Athens,US,AL
4830759,Atmore,US,AL
4830768,Attalla,US,AL
4830796,Auburn,US,AL
8605041,Dixiana,US,AL
4099296,Alma,US,AR
4099647,Arkadelphia,US,AR
4100525,Batesville,US,AR
4100984,Beebe,US,AR
4101114,Bella Vista,US,AR
4101241,Benton,US,AR
4101260,Bentonville,US,AR
4101309,Berryville,US,AR
4102412,Blytheville,US,AR
4103448,Bryant,US,AR
4103957,Cabot,US,AR
4104182,Camden,US,AR
4105168,Centerton,US,AR
4105879,Clarksville,US,AR
4106458,Conway,US,AR
4107198,Crossett,US,AR
4107802,De Queen,US,AR
4109452,East End,US,AR
4109785,El Dorado,US,AR
4110443,Farmington,US,AR
4110486,Fayetteville,US,AR
4111382,Forrest City,US,AR
4111410,Fort Smith,US,AR
4113143,Greenwood,US,AR
4113956,Harrison,US,AR
4114225,Heber Springs,US,AR
4114272,Helena,US,AR
4115181,Hope,US,AR
4115412,Hot Springs,US,AR
4115429,Hot Springs Village,US,AR
4116315,Jacksonville,US,AR
4116834,Jonesboro,US,AR
4119403,Little Rock,US,AR
4119972,Lowell,US,AR
4120323,Magnolia,US,AR
4120388,Malvern,US,AR
4120524,Marion,US,AR
4120792,Maumelle,US,AR
4121297,Mena,US,AR
4122015,Monticello,US,AR
4122218,Morrilton,US,AR
4123037,Mountain Home,US,AR
4123830,Newport,US,AR
4124112,North Little Rock,US,AR
4125027,Osceola,US,AR
4125388,Paragould,US,AR
4126226,Pine Bluff,US,AR
4126923,Pocahontas,US,AR
4128894,Rogers,US,AR
4129397,Russellville,US,AR
4130430,Searcy,US,AR
4131116,Siloam Springs,US,AR
4132093,Springdale,US,AR
4132625,Stuttgart,US,AR
4133367,Texarkana,US,AR
4133933,Trumann,US,AR
4134716,Van Buren,US,AR
4135349,Warren,US,AR
4135840,West Helena,US,AR
4135865,West Memphis,US,AR
4136153,White Hall,US,AR
4137215,Wynne,US,AR
4828193,Sherwood,US,AR
6331911,Helena-West Helena,US,AR
8605040,Hot Springs National Park,US,AR
5284580,Holbrook,US,AZ
5284905,Bisbee,US,AZ
5287262,Buckeye,US,AZ
5287565,Bullhead City,US,AZ
5288261,Camp Verde,US,AZ
5288636,Casa Grande,US,AZ
5288661,Casas Adobes,US,AZ
5288784,Catalina,US,AZ
5288786,Catalina Foothills,US,AZ
5288858,Cave Creek,US,AZ
5289282,Chandler,US,AZ
5289658,Chino Valley,US,AZ
5290663,Coolidge,US,AZ
5290925,Corona de Tucson,US,AZ
5291033,Cottonwood,US,AZ
5293083,Douglas,US,AZ
5293183,Drexel Heights,US,AZ
5293996,El Mirage,US,AZ
5294167,Eloy,US,AZ
5294810,Flagstaff,US,AZ
5294902,Florence,US,AZ
5294937,Flowing Wells,US,AZ
5295143,Fortuna Foothills,US,AZ
5295177,Fountain Hills,US,AZ
5295903,Gilbert,US,AZ
5295985,Glendale,US,AZ
5296013,Globe,US,AZ
5296106,Gold Camp,US,AZ
5296189,Golden Valley,US,AZ
5296266,Goodyear,US,AZ
5296802,Green Valley,US,AZ
5296962,Guadalupe,US,AZ
5300830,Kayenta,US,AZ
5301067,Kingman,US,AZ
5301388,Lake Havasu City,US,AZ
5301641,Laveen,US,AZ
5302053,Litchfield Park,US,AZ
5303705,Marana,US,AZ
5303752,Maricopa,US,AZ
5304391,Mesa,US,AZ
5306523,New River,US,AZ
5306611,Nogales,US,AZ
5307540,Oro Valley,US,AZ
5307778,Page,US,AZ
5308049,Paradise Valley,US,AZ
5308281,Paulden,US,AZ
5308305,Payson,US,AZ
5308480,Peoria,US,AZ
5308655,Phoenix,US,AZ
5308778,Picture Rocks,US,AZ
5309842,Prescott,US,AZ
5309858,Prescott Valley,US,AZ
5310193,Queen Creek,US,AZ
5311433,Rio Rico,US,AZ
5312476,Safford,US,AZ
5312544,Sahuarita,US,AZ
5312913,San Luis,US,AZ
5313457,Scottsdale,US,AZ
5313667,Sedona,US,AZ
5314245,Show Low,US,AZ
5314328,Sierra Vista,US,AZ
5314943,Snowflake,US,AZ
5315062,Somerton,US,AZ
5315313,South Tucson,US,AZ
5316172,Summit,US,AZ
5316201,Sun City,US,AZ
5316205,Sun City West,US,AZ
5316209,Sun Lakes,US,AZ
5316428,Surprise,US,AZ
5316890,Tanque Verde,US,AZ
5317058,Tempe,US,AZ
5317071,Tempe Junction,US,AZ
5317377,Three Points,US,AZ
5317663,Tolleson,US,AZ
5318279,Tuba City,US,AZ
5318313,Tucson,US,AZ
5318320,Tucson Estates,US,AZ
5319311,Vail,US,AZ
5320871,Wickenburg,US,AZ
5321135,Williamson,US,AZ
5321473,Winslow,US,AZ
5322027,Youngtown,US,AZ
5322053,Yuma,US,AZ
5550192,West Sedona,US,AZ
5551498,Anthem,US,AZ
5551535,Apache Junction,US,AZ
5551665,Arizona City,US,AZ
5552301,Avondale,US,AZ
5552323,Avra Valley,US,AZ
5553284,Benson,US,AZ
5553533,Big Park,US,AZ
7176038,Verde Village,US,AZ
7260892,Village of Oak Creek (Big Park),US,AZ
7261785,Sierra Vista Southeast,US,AZ
7261968,New Kingman-Butler,US,AZ
7262440,Valencia West,US,AZ
7310164,San Tan Valley,US,AZ
5284756,Fillmore,US,CA
5322317,Acton,US,CA
5322400,Adelanto,US,CA
5322551,Agoura,US,CA
5322553,Agoura Hills,US,CA
5322737,Alameda,US,CA
5322794,Alamo,US,CA
5322850,Albany,US,CA
5323060,Alhambra,US,CA
5323163,Aliso Viejo,US,CA
5323371,Alondra Park,US,CA
5323401,Alpine,US,CA
5323499,Alta Sierra,US,CA
5323500,Alta Sierra,US,CA
5323525,Altadena,US,CA
5323566,Alum Rock,US,CA
5323694,American Canyon,US,CA
5323810,Anaheim,US,CA
5324105,Antelope,US,CA
5324200,Antioch,US,CA
5324363,Apple Valley,US,CA
5324400,Aptos,US,CA
5324477,Arcadia,US,CA
5324802,Arroyo Grande,US,CA
5324862,Artesia,US,CA
5324903,Arvin,US,CA
5325011,Ashland,US,CA
5325111,Atascadero,US,CA
5325147,Atherton,US,CA
5325187,Atwater,US,CA
5325223,Auburn,US,CA
5325256,August,US,CA
5325327,Avenal,US,CA
5325372,Avocado Heights,US,CA
5325423,Azusa,US,CA
5325738,Bakersfield,US,CA
5325866,Baldwin Park,US,CA
5326032,Banning,US,CA
5326297,Barstow,US,CA
5326305,Barstow Heights,US,CA
5326561,Bay Point,US,CA
5327003,Bear Valley Springs,US,CA
5327098,Beaumont,US,CA
5327298,Bell,US,CA
5327319,Bell Gardens,US,CA
5327422,Bellflower,US,CA
5327455,Belmont,US,CA
5327522,Ben Lomond,US,CA
5327550,Benicia,US,CA
5327684,Berkeley,US,CA
5327717,Bermuda Dunes,US,CA
5328041,Beverly Hills,US,CA
5331920,Burlingame,US,CA
5332593,Calabasas,US,CA
5332698,Calexico,US,CA
5332748,California City,US,CA
5332929,Calipatria,US,CA
5332937,Calistoga,US,CA
5332957,Calimesa,US,CA
5333180,Camarillo,US,CA
5333207,Cambria,US,CA
5333282,Cameron Park,US,CA
5333689,Campbell,US,CA
5333913,Canoga Park,US,CA
5333976,Canyon Lake,US,CA
5334096,Capitola,US,CA
5334223,Carlsbad,US,CA
5334336,Carmichael,US,CA
5334423,Carpinteria,US,CA
5334519,Carson,US,CA
5334799,Castaic,US,CA
5334928,Castro Valley,US,CA
5334937,Castroville,US,CA
5335006,Cathedral City,US,CA
5335650,Ceres,US,CA
5335662,Century City,US,CA
5335663,Cerritos,US,CA
5336017,Charter Oak,US,CA
5336054,Chatsworth,US,CA
5336185,Cherry Valley,US,CA
5336190,Cherryland,US,CA
5336269,Chico,US,CA
5336537,Chino,US,CA
5336545,Chino Hills,US,CA
5336667,Chowchilla,US,CA
5336899,Chula Vista,US,CA
5337551,Citrus,US,CA
5337561,Citrus Heights,US,CA
5337696,Claremont,US,CA
5337841,Clayton,US,CA
5337908,Clearlake,US,CA
5338104,Cloverdale,US,CA
5338122,Clovis,US,CA
5338166,Coachella,US,CA
5338196,Coalinga,US,CA
5338783,Colton,US,CA
5338866,Colusa,US,CA
5338929,Commerce,US,CA
5339066,Compton,US,CA
5339111,Concord,US,CA
5339539,Corcoran,US,CA
5339614,Corning,US,CA
5339631,Corona,US,CA
5339663,Coronado,US,CA
5339766,Corte Madera,US,CA
5339840,Costa Mesa,US,CA
5339865,Cotati,US,CA
5339873,Coto De Caza,US,CA
5340066,Country Club,US,CA
5340175,Covina,US,CA
5340674,Crestline,US,CA
5341051,Cudahy,US,CA
5341114,Culver City,US,CA
5341145,Cupertino,US,CA
5341256,Cypress,US,CA
5341430,Daly City,US,CA
5341483,Dana Point,US,CA
5341531,Danville,US,CA
5341704,Davis,US,CA
5342425,Del Aire,US,CA
5342485,Delano,US,CA
5342522,Delhi,US,CA
5342710,Desert Hot Springs,US,CA
5342992,Diamond Bar,US,CA
5343038,Diamond Springs,US,CA
5343171,Dinuba,US,CA
5343202,Discovery Bay,US,CA
5343303,Dixon,US,CA
5343858,Downey,US,CA
5344147,Duarte,US,CA
5344157,Dublin,US,CA
5344359,Durham,US,CA
5344702,Earlimart,US,CA
5344817,East Rancho Dominguez,US,CA
5344844,East Foothills,US,CA
5344942,East Hemet,US,CA
5344987,East La Mirada,US,CA
5344994,East Los Angeles,US,CA
5345032,East Palo Alto,US,CA
5345038,East Pasadena,US,CA
5345049,East Porterville,US,CA
5345071,East San Gabriel,US,CA
5345529,El Cajon,US,CA
5345609,El Centro,US,CA
5345623,El Cerrito,US,CA
5345624,El Cerrito,US,CA
5345679,El Dorado Hills,US,CA
5345716,El Granada,US,CA
5345743,El Monte,US,CA
5345844,El Rio,US,CA
5345860,El Segundo,US,CA
5345888,El Sobrante,US,CA
5346111,Elk Grove,US,CA
5346342,Elverta,US,CA
5346462,Emeryville,US,CA
5346646,Encinitas,US,CA
5346811,Escalon,US,CA
5346827,Escondido,US,CA
5346986,Eucalyptus Hills,US,CA
5347239,Exeter,US,CA
5347287,Fair Oaks,US,CA
5347322,Fairfax,US,CA
5347335,Fairfield,US,CA
5347397,Fairview,US,CA
5347578,Fallbrook,US,CA
5347742,Farmersville,US,CA
5348299,Firebaugh,US,CA
5349613,Florin,US,CA
5349705,Folsom,US,CA
5349755,Fontana,US,CA
5349803,Foothill Farms,US,CA
5349828,Foothill Ranch,US,CA
5350039,Fort Bragg,US,CA
5350057,Fort Irwin,US,CA
5350159,Foster City,US,CA
5350207,Fountain Valley,US,CA
5350351,Fowler,US,CA
5350734,Fremont,US,CA
5350937,Fresno,US,CA
5351247,Fullerton,US,CA
5351428,Galt,US,CA
5351496,Garden Acres,US,CA
5351515,Garden Grove,US,CA
5351549,Gardena,US,CA
5351654,Garnet,US,CA
5352214,Gilroy,US,CA
5352350,Glen Avon,US,CA
5352423,Glendale,US,CA
5352439,Glendora,US,CA
5352771,Gold River,US,CA
5352875,Golden Hills,US,CA
5352963,Goleta,US,CA
5352997,Gonzales,US,CA
5353058,Good Hope,US,CA
5353484,Grand Terrace,US,CA
5353530,Granite Bay,US,CA
5353775,Grass Valley,US,CA
5354157,Greenacres,US,CA
5354172,Greenfield,US,CA
5354307,Gridley,US,CA
5354552,Grover Beach,US,CA
5354591,Guadalupe,US,CA
5354747,Gustine,US,CA
5354819,Hacienda Heights,US,CA
5354943,Half Moon Bay,US,CA
5355180,Hanford,US,CA
5355782,Hawaiian Gardens,US,CA
5355828,Hawthorne,US,CA
5355933,Hayward,US,CA
5359864,Isla Vista,US,CA
5360403,Jamul,US,CA
5361298,Joshua Tree,US,CA
5362849,Kensington,US,CA
5362864,Kentfield,US,CA
5362909,Kerman,US,CA
5363058,Keyes,US,CA
5363208,King City,US,CA
5363429,Kingsburg,US,CA
5363859,La Canada Flintridge,US,CA
5363922,La Habra,US,CA
5363925,La Habra Heights,US,CA
5363943,La Jolla,US,CA
5363990,La Mesa,US,CA
5364007,La Mirada,US,CA
5364022,La Palma,US,CA
5364059,La Presa,US,CA
5364066,La Puente,US,CA
5364079,La Quinta,US,CA
5364095,La Riviera,US,CA
5364134,La Verne,US,CA
5364195,Ladera Heights,US,CA
5364199,Ladera Ranch,US,CA
5364226,Lafayette,US,CA
5364271,Laguna,US,CA
5364275,Laguna Beach,US,CA
5364306,Laguna Hills,US,CA
5364329,Laguna Niguel,US,CA
5364369,Laguna Woods,US,CA
5364414,Lake Arrowhead,US,CA
5364499,Lake Elsinore,US,CA
5364514,Lake Forest,US,CA
5364571,Lake Los Angeles,US,CA
5364750,Lakeland Village,US,CA
5364782,Lakeside,US,CA
5364855,Lakewood,US,CA
5364916,Lamont,US,CA
5364940,Lancaster,US,CA
5365113,Larkspur,US,CA
5365171,Las Flores,US,CA
5365172,Las Flores,US,CA
5365425,Lathrop,US,CA
5365603,Lawndale,US,CA
5365893,Lemon Grove,US,CA
5365918,Lemoore,US,CA
5365937,Lennox,US,CA
5366375,Lincoln,US,CA
5366531,Linda,US,CA
5366604,Lindsay,US,CA
5367314,Live Oak,US,CA
5367315,Live Oak,US,CA
5367427,Livingston,US,CA
5367440,Livermore,US,CA
5383526,Pinon Hills,US,CA
5383527,Placentia,US,CA
5383559,Placerville,US,CA
5383720,Pleasant Hill,US,CA
5383777,Pleasanton,US,CA
5399319,Strawberry,US,CA
5399629,Suisun,US,CA
5399901,Sun City,US,CA
5400065,Sunnyslope,US,CA
5400075,Sunnyvale,US,CA
5404794,Universal City,US,CA
5404915,Upland,US,CA
5407030,Walnut Park,US,CA
5407463,Waterford,US,CA
5407529,Watsonville,US,CA
5407841,West Athens,US,CA
5407908,West Carson,US,CA
5407927,West Rancho Dominguez,US,CA
5407933,West Covina,US,CA
5408076,West Hollywood,US,CA
5408191,West Puente Valley,US,CA
5408211,West Sacramento,US,CA
5408395,Westlake Village,US,CA
5408406,Westminster,US,CA
5408431,Westmont,US,CA
5409059,Whittier,US,CA
5409260,Wildomar,US,CA
5409417,Williams,US,CA
5409768,Willowbrook,US,CA
5409777,Willows,US,CA
5409941,Wilton,US,CA
5410004,Windsor,US,CA
5410125,Winters,US,CA
5410129,Winter Gardens,US,CA
5410144,Winton,US,CA
5410382,Woodcrest,US,CA
5410416,Woodlake,US,CA
5410430,Woodland,US,CA
5410438,Woodland Hills,US,CA
5410535,Woodside,US,CA
5410902,Yorba Linda,US,CA
5411015,Yuba City,US,CA
5411046,Yucaipa,US,CA
5411079,Yucca Valley,US,CA
5550368,Wasco,US,CA
5558857,Anderson,US,CA
5558953,Arcata,US,CA
5559320,Bayside,US,CA
5562087,Crescent City,US,CA
5563397,Eureka,US,CA
5563839,Fortuna,US,CA
5567770,McKinleyville,US,CA
5570065,Red Bluff,US,CA
5570160,Redding,US,CA
5571109,Shasta Lake,US,CA
5572400,Susanville,US,CA
5574093,Yreka,US,CA
7176039,Vineyard,US,CA
7260806,Arden-Arcade,US,CA
7260929,Bonadelle Ranchos-Madera Ranchos,US,CA
7260952,Bret Harte,US,CA
7260996,Camp Pendleton North,US,CA
7260997,Camp Pendleton South,US,CA
7261029,Casa de Oro-Mount Helix,US,CA
7261199,Lucas Valley-Marinwood,US,CA
7261268,Florence-Graham,US,CA
7261441,Hilmar-Irwin,US,CA
7261553,La Crescenta-Montrose,US,CA
7261625,Larkfield-Wikiup,US,CA
7261649,Lemoore Station,US,CA
7262050,Oroville East,US,CA
7262460,View Park-Windsor Hills,US,CA
7262504,West Modesto,US,CA
7262518,West Whittier-Los Nietos,US,CA
7262659,Tamalpais-Homestead Valley,US,CA
8030162,West Hills,US,CA
10104153,Silver Lake,US,CA
10104154,Echo Park,US,CA
5411479,Alamosa,US,CO
5412030,Applewood,US,CO
5412199,Arvada,US,CO
5412230,Aspen,US,CO
5412347,Aurora,US,CO
5412396,Avon,US,CO
5413519,Berkley,US,CO
5414069,Black Forest,US,CO
5414941,Brighton,US,CO
5415035,Broomfield,US,CO
5416005,Canon City,US,CO
5416113,Carbondale,US,CO
5416329,Castle Rock,US,CO
5416357,Castlewood,US,CO
5416541,Centennial,US,CO
5416824,Cherry Hills Village,US,CO
5417041,Cimarron Hills,US,CO
5417258,Clifton,US,CO
5417598,Colorado Springs,US,CO
5417657,Columbine,US,CO
5417737,Commerce City,US,CO
5418104,Cortez,US,CO
5419334,Delta,US,CO
5574704,Berthoud,US,CO
5574991,Boulder,US,CO
5575194,Brush,US,CO
5576064,Craig,US,CO
5576859,Erie,US,CO
5576882,Estes Park,US,CO
5576909,Evans,US,CO
5577008,Firestone,US,CO
5577147,Fort Collins,US,CO
5577153,Fort Lupton,US,CO
5577158,Fort Morgan,US,CO
5577217,Frederick,US,CO
5577592,Greeley,US,CO
5578536,Johnstown,US,CO
5579276,Longmont,US,CO
5579368,Loveland,US,CO
5579899,Milliken,US,CO
5582371,Steamboat Springs,US,CO
5582392,Sterling,US,CO
5583250,Wellington,US,CO
5583509,Windsor,US,CO
7260752,Air Force Academy,US,CO
7261393,Gunbarrel,US,CO
7262349,Security-Widefield,US,CO
7729501,Dove Valley,US,CO
8299699,Castle Pines North,US,CO
4831969,Cos Cob,US,CT
4832121,Cromwell,US,CT
4832353,Danbury,US,CT
4832425,Darien,US,CT
4832745,Derby,US,CT
4833363,East Haddam,US,CT
4833403,East Hartford,US,CT
4833425,East Haven,US,CT
4833505,East Norwalk,US,CT
4833883,Ellington,US,CT
4834040,Enfield,US,CT
4834157,Fairfield,US,CT
4834272,Farmington,US,CT
4835003,Glastonbury,US,CT
4835004,Glastonbury Center,US,CT
4835395,Greenwich,US,CT
4835461,Groton,US,CT
4835512,Guilford,US,CT
4835654,Hamden,US,CT
4835797,Hartford,US,CT
4835969,Hebron,US,CT
4837222,Kensington,US,CT
4837278,Killingly Center,US,CT
4837648,Ledyard Center,US,CT
4838116,Madison,US,CT
4838174,Manchester,US,CT
4838204,Mansfield City,US,CT
4838524,Meriden,US,CT
4838611,Middlebury,US,CT
4838633,Middletown,US,CT
4838652,Milford,US,CT
4838887,Montville Center,US,CT
4839222,Naugatuck,US,CT
4839292,New Britain,US,CT
4839319,New Canaan,US,CT
4839366,New Haven,US,CT
4839416,New London,US,CT
4839435,New Milford,US,CT
4839497,Newington,US,CT
4839636,North Branford,US,CT
4839704,North Haven,US,CT
4839745,North Stamford,US,CT
4839822,Norwalk,US,CT
4839843,Norwich,US,CT
4839921,Oakville,US,CT
4839983,Old Greenwich,US,CT
4840035,Old Saybrook,US,CT
4840104,Orange,US,CT
4840237,Oxford,US,CT
4840426,Pawcatuck,US,CT
4840755,Plainfield,US,CT
4840767,Plainville,US,CT
4840844,Plymouth,US,CT
4841001,Portland,US,CT
4841089,Prospect,US,CT
4841187,Putnam,US,CT
4841463,Ridgefield,US,CT
4841527,Riverside,US,CT
4841628,Rockville,US,CT
4842818,Seymour,US,CT
4842898,Shelton,US,CT
4842958,Sherwood Manor,US,CT
4843353,South Windsor,US,CT
4843362,Southbury,US,CT
4843411,Southwood Acres,US,CT
4843553,Stafford,US,CT
4843564,Stamford,US,CT
4843786,Storrs,US,CT
4843811,Stratford,US,CT
4844084,Terryville,US,CT
4844184,Thompson,US,CT
4844200,Thompsonville,US,CT
4844273,Tolland,US,CT
4844309,Torrington,US,CT
4844459,Trumbull,US,CT
4845056,Wallingford,US,CT
4845193,Waterbury,US,CT
4845411,West Hartford,US,CT
4845419,West Haven,US,CT
4845519,West Torrington,US,CT
4845585,Westport,US,CT
4845612,Wethersfield,US,CT
4845823,Willimantic,US,CT
4845871,Wilton,US,CT
4845889,Winchester Center,US,CT
4845898,Windham,US,CT
4845920,Windsor,US,CT
4845926,Windsor Locks,US,CT
4845953,Winsted,US,CT
4845984,Wolcott,US,CT
4846022,Woodbridge,US,CT
4846028,Woodbury,US,CT
5281551,Ansonia,US,CT
5282297,Bethel,US,CT
5282804,Bridgeport,US,CT
5282835,Bristol,US,CT
5283054,Branford,US,CT
5283837,Cheshire,US,CT
7160204,City of Milford (balance),US,CT
7257357,Conning Towers-Nautilus Park,US,CT
7257408,Simsbury Center,US,CT
7257422,Wallingford Center,US,CT
7257798,Branford Center,US,CT
7257805,Cheshire Village,US,CT
4140963,"Washington, D.C.",US,DC
4141363,Bear,US,DE
4141674,Brookside,US,DE
4141974,Claymont,US,DE
4142290,Dover,US,DE
4142398,Edgemoor,US,DE
4142424,Elsmere,US,DE
4142643,Georgetown,US,DE
4142683,Glasgow,US,DE
4142969,Hockessin,US,DE
4143637,Middletown,US,DE
4143658,Milford,US,DE
4143834,New Castle,US,DE
4143861,Newark,US,DE
4143897,North Star,US,DE
4144100,Pike Creek,US,DE
4144101,Pike Creek Valley,US,DE
4144600,Seaford,US,DE
4144764,Smyrna,US,DE
4145381,Wilmington,US,DE
4145395,Wilmington Manor,US,DE
4047906,Trinity,US,FL
4047914,Villas,US,FL
4145719,Alachua,US,FL
4145805,Allapattah,US,FL
4145941,Altamonte Springs,US,FL
4146039,Andover,US,FL
4146161,Apollo Beach,US,FL
4146166,Apopka,US,FL
4146206,Arcadia,US,FL
4146302,Asbury Lake,US,FL
4146354,Atlantic Beach,US,FL
4146389,Auburndale,US,FL
4146429,Aventura,US,FL
4146440,Avon Park,US,FL
4146464,Azalea Park,US,FL
4146723,Bartow,US,FL
4146823,Bay Harbor Islands,US,FL
4146901,Bayonet Point,US,FL
4146934,Bayshore Gardens,US,FL
4146984,Beacon Square,US,FL
4147145,Bee Ridge,US,FL
4147241,Belle Glade,US,FL
4147247,Belle Isle,US,FL
4147290,Bellview,US,FL
4147581,Beverly Hills,US,FL
4148012,Bithlo,US,FL
4148207,Bloomingdale,US,FL
4148399,Boca Del Mar,US,FL
4148411,Boca Raton,US,FL
4148533,Bonita Springs,US,FL
4148674,Boyette,US,FL
4148677,Boynton Beach,US,FL
4148708,Bradenton,US,FL
4148757,Brandon,US,FL
4148803,Brent,US,FL
4148944,Broadview Park,US,FL
4148986,Brooksville,US,FL
4149077,Brownsville,US,FL
4149269,Buenaventura Lakes,US,FL
4149635,Callaway,US,FL
4149956,Cantonment,US,FL
4149959,Cape Canaveral,US,FL
4149962,Cape Coral,US,FL
4150066,Carol City,US,FL
4150115,Carrollwood,US,FL
4150118,Carrollwood Village,US,FL
4150190,Casselberry,US,FL
4150394,Celebration,US,FL
4150727,Cheval,US,FL
4151132,Citra,US,FL
4151153,Citrus Hills,US,FL
4151157,Citrus Park,US,FL
4151162,Citrus Ridge,US,FL
4151163,Citrus Springs,US,FL
4151316,Clearwater,US,FL
4151352,Clermont,US,FL
4151366,Clewiston,US,FL
4151440,Cocoa,US,FL
4151441,Cocoa Beach,US,FL
4151455,Coconut Creek,US,FL
4151460,Coconut Grove,US,FL
4151607,Combee Settlement,US,FL
4151745,Conway,US,FL
4151824,Cooper City,US,FL
4151871,Coral Gables,US,FL
4151909,Coral Springs,US,FL
4151921,Coral Terrace,US,FL
4152064,Country Walk,US,FL
4152093,Country Club,US,FL
4152311,Crestview,US,FL
4152472,Crystal Lake,US,FL
4152564,Cutler,US,FL
4152574,Cutler Ridge,US,FL
4152628,Cypress Gardens,US,FL
4152639,Cypress Lake,US,FL
4152695,Dade City,US,FL
4152772,Dania Beach,US,FL
4152820,Davie,US,FL
4152872,Daytona Beach,US,FL
4152888,DeFuniak Springs,US,FL
4152890,DeLand,US,FL
4152926,DeBary,US,FL
4153071,Deerfield Beach,US,FL
4153132,Delray Beach,US,FL
4153146,Deltona,US,FL
4153188,Destin,US,FL
4153367,Doctor Phillips,US,FL
4153471,Doral,US,FL
4153759,Dunedin,US,FL
4154008,East Lake,US,FL
4154023,East Milton,US,FL
4154047,East Pensacola Heights,US,FL
4154051,East Perrine,US,FL
4154205,Edgewater,US,FL
4154270,Eglin Village,US,FL
4154280,Egypt Lake-Leto,US,FL
4154336,Elfers,US,FL
4154465,Englewood,US,FL
4154489,Ensley,US,FL
4154568,Estero,US,FL
4154606,Eustis,US,FL
4154769,Fairview Shores,US,FL
4154972,Fellsmere,US,FL
4155000,Fern Park,US,FL
4155006,Fernandina Beach,US,FL
4155017,Ferry Pass,US,FL
4155430,Fish Hawk,US,FL
4155529,Flagami,US,FL
4155623,Floral City,US,FL
4155669,Florida City,US,FL
4155726,Florida Ridge,US,FL
4155824,Forest City,US,FL
4155966,Fort Lauderdale,US,FL
4155988,Fort Meade,US,FL
4155995,Fort Myers,US,FL
4155996,Fort Myers Beach,US,FL
4156006,Fort Myers Shores,US,FL
4156018,Fort Pierce,US,FL
4156042,Fort Walton Beach,US,FL
4156091,Fountainebleau,US,FL
4156331,Fruit Cove,US,FL
4156340,Fruitville,US,FL
4156367,Fuller Heights,US,FL
4156370,Fussels Corner,US,FL
4156404,Gainesville,US,FL
4156601,Gateway,US,FL
4156748,Gibsonton,US,FL
4156752,Gifford,US,FL
4156824,Gladeview,US,FL
4156857,Glenvar Heights,US,FL
4156920,Golden Gate,US,FL
4156931,Golden Glades,US,FL
4156959,Goldenrod,US,FL
4156975,Gonzalez,US,FL
4157097,Goulds,US,FL
4157427,Green Cove Springs,US,FL
4157467,Greenacres City,US,FL
4157605,Groveland,US,FL
4157634,Gulf Breeze,US,FL
4157657,Gulf Gate Estates,US,FL
4157687,Gulfport,US,FL
4157827,Haines City,US,FL
4157898,Hallandale Beach,US,FL
4158296,Heathrow,US,FL
4158445,Hernando,US,FL
4158476,Hialeah,US,FL
4158482,Hialeah Gardens,US,FL
4158595,High Springs,US,FL
4158604,Highland City,US,FL
4158758,Hobe Sound,US,FL
4158865,Holiday,US,FL
4158914,Holly Hill,US,FL
4158928,Hollywood,US,FL
4159050,Homestead,US,FL
4159077,Homosassa Springs,US,FL
4159335,Hudson,US,FL
4159416,Hunters Creek,US,FL
4159553,Immokalee,US,FL
4159608,Indian Harbour Beach,US,FL
4159659,Indian River Estates,US,FL
4159687,Indiantown,US,FL
4159786,Inverness,US,FL
4159796,Inwood,US,FL
4159805,Iona,US,FL
4159839,Islamorada,US,FL
4159896,Ives Estates,US,FL
6332309,Cutler Bay,US,FL
6332439,Alafaya,US,FL
7259705,East Lake-Orient Park,US,FL
7259773,Fort Pierce North,US,FL
7259774,Fort Pierce South,US,FL
7259780,Four Corners,US,FL
7259823,Greater Northdale,US,FL
7259881,Hutchinson Island South,US,FL
7259892,Inverness Highlands South,US,FL
7259949,Bellair-Meadowbrook Terrace,US,FL
7260057,Cocoa West,US,FL
7260093,Samsula-Spruce Creek,US,FL
7260157,Southeast Arcadia,US,FL
7260219,University,US,FL
7260233,Vero Beach South,US,FL
7260319,Zephyrhills South,US,FL
7260320,Zephyrhills West,US,FL
7260327,Kendall West,US,FL
7260484,Nassau Village-Ratliff,US,FL
7260490,New Port Richey East,US,FL
7260514,North Weeki Wachee,US,FL
7260548,Palm River-Clair Mel,US,FL
6331908,Milton,US,GA
6331909,Johns Creek,US,GA
7260019,Candler-McAfee,US,GA
5847411,Kahului,US,HI
5847486,Kailua,US,HI
5847504,Kailua-Kona,US,HI
5847746,Kalaoa,US,HI
5848189,Kane'ohe,US,HI
5848280,Kapa'a,US,HI
5849297,Kihei,US,HI
5849996,Lahaina,US,HI
5850027,La'ie,US,HI
5850248,Lihue,US,HI
5850492,Ma'ili,US,HI
5850511,Makaha,US,HI
5850554,Makakilo City,US,HI
5850616,Makawao,US,HI
5851030,Mililani Town,US,HI
5851349,Nanakuli,US,HI
5852275,Pearl City,US,HI
5852697,Pukalani,US,HI
5853965,Village Park,US,HI
5853992,Wahiawa,US,HI
5854189,Waianae,US,HI
5854421,Waikoloa Village,US,HI
5854496,Wailuku,US,HI
5854530,Waimalu,US,HI
5854532,Waimanalo,US,HI
5854571,Waimea,US,HI
5854686,Waipahu,US,HI
5854717,Waipio,US,HI
5854718,Waipi'o Acres,US,HI
5855051,'Ewa Beach,US,HI
5855070,'Ewa Gentry,US,HI
5855073,'Ewa Villages,US,HI
5855319,Halawa,US,HI
5855327,Halawa Heights,US,HI
5855809,Hawaiian Paradise Park,US,HI
5855818,Hawaiian Paradise Park,US,HI
5855927,Hilo,US,HI
5856050,Holualoa,US,HI
5856195,Honolulu,US,HI
5856430,'Aiea,US,HI
5856516,'Ahuimanu,US,HI
7262697,Haiku-Pauwela,US,HI
7262713,Hickam Field,US,HI
7262734,Marine Corps Base Hawaii - MCBH,US,HI
7262761,Makakilo,US,HI
7262771,Napili-Honokowai,US,HI
7262790,Schofield Barracks,US,HI
7262791,Royal Kunia,US,HI
7262796,Waihee-Waiehu,US,HI
7262802,Wailua Homesteads,US,HI
4846602,Algona,US,IA
4846757,Altoona,US,IA
4846834,Ames,US,IA
4846880,Anamosa,US,IA
4846960,Ankeny,US,IA
4847385,Atlantic,US,IA
4848489,Bettendorf,US,IA
4849051,Boone,US,IA
4849826,Burlington,US,IA
4850478,Carroll,US,IA
4850699,Cedar Falls,US,IA
4850751,Cedar Rapids,US,IA
4850961,Centerville,US,IA
4850962,Centerville,US,IA
4851163,Charles City,US,IA
4851247,Cherokee,US,IA
4851762,Clarinda,US,IA
4851935,Clear Lake,US,IA
4852022,Clinton,US,IA
4852065,Clive,US,IA
4852640,Coralville,US,IA
4852832,Council Bluffs,US,IA
4853078,Creston,US,IA
4853423,Davenport,US,IA
4853551,De Witt,US,IA
4853608,Decorah,US,IA
4853757,Denison,US,IA
4853828,Des Moines,US,IA
4854529,Dubuque,US,IA
4855248,Eldridge,US,IA
4855709,Estherville,US,IA
4855967,Fairfield,US,IA
4857486,Fort Dodge,US,IA
4857507,Fort Madison,US,IA
4858479,Glenwood,US,IA
4859329,Grimes,US,IA
4859343,Grinnell,US,IA
4859802,Harlan,US,IA
4860452,Hiawatha,US,IA
4861620,Independence,US,IA
4861719,Indianola,US,IA
4862034,Iowa City,US,IA
4862069,Iowa Falls,US,IA
4862760,Johnston,US,IA
4863349,Keokuk,US,IA
4863705,Knoxville,US,IA
4864337,Le Mars,US,IA
4865996,Manchester,US,IA
4866164,Maquoketa,US,IA
4866263,Marion,US,IA
4866371,Marshalltown,US,IA
4866445,Mason City,US,IA
4868205,Mount Pleasant,US,IA
4868404,Muscatine,US,IA
4868620,Nevada,US,IA
4868907,Newton,US,IA
4869195,North Liberty,US,IA
4869386,Norwalk,US,IA
4869760,Oelwein,US,IA
4870083,Orange City,US,IA
4870239,Oskaloosa,US,IA
4870380,Ottumwa,US,IA
4870915,Pella,US,IA
4871019,Perry,US,IA
4871472,Pleasant Hill,US,IA
4872593,Red Oak,US,IA
4876141,Sheldon,US,IA
4876190,Shenandoah,US,IA
4876510,Sioux Center,US,IA
4876523,Sioux City,US,IA
4877138,Spencer,US,IA
4877655,Storm Lake,US,IA
4879890,Urbandale,US,IA
4880268,Vinton,US,IA
4880731,Washington,US,IA
4880889,Waterloo,US,IA
4880981,Waukee,US,IA
4881024,Waverly,US,IA
4881096,Webster City,US,IA
4881346,West Des Moines,US,IA
4882259,Winterset,US,IA
5553955,Rathdrum,US,ID
5583997,Ammon,US,ID
5586093,Blackfoot,US,ID
5586437,Boise,US,ID
5587385,Burley,US,ID
5587698,Caldwell,US,ID
5588842,Chubbuck,US,ID
5589173,Coeur d'Alene,US,ID
5591778,Eagle,US,ID
5592562,Emmett,US,ID
5593814,Garden City,US,ID
5594956,Hailey,US,ID
5595320,Hayden,US,ID
5596475,Idaho Falls,US,ID
5597034,Jerome,US,ID
5597955,Kuna,US,ID
5598538,Lewiston,US,ID
5598542,Lewiston Orchards,US,ID
5600685,Meridian,US,ID
5600890,Middleton,US,ID
5601538,Moscow,US,ID
5601615,Mountain Home,US,ID
5601933,Nampa,US,ID
5603393,Payette,US,ID
5604045,Pocatello,US,ID
5604353,Post Falls,US,ID
5604473,Preston,US,ID
5605242,Rexburg,US,ID
5606000,Rupert,US,ID
5606401,Sandpoint,US,ID
5608754,Star,US,ID
5610810,Twin Falls,US,ID
5611730,Weiser,US,ID
4831990,Canton,US,IL
4832038,Glendale Heights,US,IL
4882920,Addison,US,IL
4883078,Algonquin,US,IL
4883207,Alsip,US,IL
4883393,Antioch,US,IL
4883555,Arlington Heights,US,IL
4883817,Aurora,US,IL
4884116,Barrington,US,IL
4884141,Bartlett,US,IL
4884161,Bartonville,US,IL
4884192,Batavia,US,IL
4884249,Beach Park,US,IL
4884282,Beardstown,US,IL
4884434,Bellwood,US,IL
4884453,Belvidere,US,IL
4884509,Bensenville,US,IL
4884562,Berkeley,US,IL
4884597,Berwyn,US,IL
4885156,Bloomingdale,US,IL
4885164,Bloomington,US,IL
4885186,Blue Island,US,IL
4885265,Bolingbrook,US,IL
4885336,Boulder Hill,US,IL
4885342,Bourbonnais,US,IL
4885418,Bradley,US,IL
4885444,Braidwood,US,IL
4885573,Bridgeview,US,IL
4885637,Broadview,US,IL
4885689,Brookfield,US,IL
4885955,Buffalo Grove,US,IL
4885983,Burbank,US,IL
4886090,Burr Ridge,US,IL
4886255,Calumet City,US,IL
4886269,Calumet Park,US,IL
4886662,Carol Stream,US,IL
4886676,Carpentersville,US,IL
4886738,Cary,US,IL
4887158,Champaign,US,IL
4887198,Channahon,US,IL
4887398,Chicago,US,IL
4887442,Chicago Heights,US,IL
4887492,Chicago Ridge,US,IL
4887574,Chillicothe,US,IL
4888015,Cicero,US,IL
4888080,Clarendon Hills,US,IL
4888217,Clinton,US,IL
4888270,Coal City,US,IL
4888432,Colona,US,IL
4888892,Country Club Hills,US,IL
4888906,Countryside,US,IL
4889107,Crest Hill,US,IL
4889113,Crestwood,US,IL
4889120,Crete,US,IL
4889130,Creve Coeur,US,IL
4889229,Crystal Lake,US,IL
4889426,Danville,US,IL
4889447,Darien,US,IL
4889553,DeKalb,US,IL
4889668,Deerfield,US,IL
4889772,Des Plaines,US,IL
4889959,Dixon,US,IL
4890009,Dolton,US,IL
4890119,Downers Grove,US,IL
4890536,East Moline,US,IL
4890549,East Peoria,US,IL
4890835,Elburn,US,IL
4890864,Elgin,US,IL
4890925,Elk Grove Village,US,IL
4891010,Elmhurst,US,IL
4891051,Elmwood Park,US,IL
4891310,Eureka,US,IL
4891382,Evanston,US,IL
4891431,Evergreen Park,US,IL
4891534,Fairfield,US,IL
4892684,Flossmoor,US,IL
4892775,Forest Park,US,IL
4892950,Fox Lake,US,IL
4893037,Frankfort,US,IL
4893043,Frankfort Square,US,IL
4893070,Franklin Park,US,IL
4893171,Freeport,US,IL
4893371,Gages Lake,US,IL
4893392,Galesburg,US,IL
4893581,Geneseo,US,IL
4893591,Geneva,US,IL
4893601,Genoa,US,IL
4893731,Gilberts,US,IL
4893811,Glen Ellyn,US,IL
4893886,Glenview,US,IL
4893896,Glenwood,US,IL
4894061,Goodings Grove,US,IL
4894078,Glencoe,US,IL
4894360,Grandwood Park,US,IL
4894465,Grayslake,US,IL
4894861,Gurnee,US,IL
4895016,Hampshire,US,IL
4895066,Hanover Park,US,IL
4895282,Harvard,US,IL
4895298,Harvey,US,IL
4895308,Harwood Heights,US,IL
4895376,Hawthorn Woods,US,IL
4895416,Hazel Crest,US,IL
4895767,Hickory Hills,US,IL
4895876,Highland Park,US,IL
4895918,Highwood,US,IL
4895971,Hillside,US,IL
4896012,Hinsdale,US,IL
4896075,Hoffman Estates,US,IL
4896336,Homer Glen,US,IL
4896353,Homewood,US,IL
4896390,Hoopeston,US,IL
4896691,Huntley,US,IL
4897482,Inverness,US,IL
4897579,Island Lake,US,IL
4897654,Itasca,US,IL
4897967,Johnsburg,US,IL
4898015,Joliet,US,IL
4898152,Justice,US,IL
4898182,Kankakee,US,IL
4898433,Kewanee,US,IL
4898846,La Grange,US,IL
4898850,La Grange Park,US,IL
4898875,La Salle,US,IL
4898974,Lake Bluff,US,IL
4899012,Lake Forest,US,IL
4899154,Lake Villa,US,IL
4899170,Lake Zurich,US,IL
4899184,Lake in the Hills,US,IL
4899213,Lakemoor,US,IL
4899340,Lansing,US,IL
4899581,Lemont,US,IL
4899739,Libertyville,US,IL
4899822,Lincoln,US,IL
4899983,Lincolnshire,US,IL
4899988,Lincolnwood,US,IL
4900013,Lindenhurst,US,IL
4900080,Lisle,US,IL
4900292,Lockport,US,IL
4900373,Lombard,US,IL
4900416,Long Grove,US,IL
4900579,Loves Park,US,IL
4900739,Lynwood,US,IL
4900740,Lynwood,US,IL
4900749,Lyons,US,IL
4900801,Machesney Park,US,IL
4900817,Macomb,US,IL
4900885,Mahomet,US,IL
4900961,Manhattan,US,IL
4901015,Manteno,US,IL
4901164,Marengo,US,IL
4901229,Markham,US,IL
4901279,Marseilles,US,IL
4901445,Matteson,US,IL
4901514,Maywood,US,IL
4901663,McHenry,US,IL
4901868,Melrose Park,US,IL
4901944,Mendota,US,IL
4902181,Midlothian,US,IL
4902218,Milan,US,IL
4902386,Minooka,US,IL
4902475,Mokena,US,IL
4902476,Moline,US,IL
4902498,Monee,US,IL
4902512,Monmouth,US,IL
4902559,Montgomery,US,IL
4902567,Monticello,US,IL
4902706,Morris,US,IL
4902754,Morton,US,IL
4902763,Morton Grove,US,IL
4903024,Mount Prospect,US,IL
4903184,Mundelein,US,IL
4903279,Naperville,US,IL
4903535,New Lenox,US,IL
4903730,Niles,US,IL
4903780,Normal,US,IL
4903803,Norridge,US,IL
4903818,North Aurora,US,IL
4903862,North Chicago,US,IL
4903976,North Peoria,US,IL
4904002,North Riverside,US,IL
4904056,Northbrook,US,IL
4904094,Northfield,US,IL
4904102,Northlake,US,IL
4904277,Oak Brook,US,IL
4904286,Oak Forest,US,IL
4904365,Oak Lawn,US,IL
4904381,Oak Park,US,IL
4904934,Orland Hills,US,IL
4904937,Orland Park,US,IL
4904996,Oswego,US,IL
4905006,Ottawa,US,IL
4905211,Palatine,US,IL
4905259,Palos Heights,US,IL
4905263,Palos Hills,US,IL
4905334,Park City,US,IL
4905337,Park Forest,US,IL
4905367,Park Ridge,US,IL
4905599,Pekin,US,IL
4905687,Peoria,US,IL
4905704,Peoria Heights,US,IL
4905770,Peru,US,IL
4906125,Plainfield,US,IL
4906143,Plano,US,IL
4906438,Pontiac,US,IL
4906482,Poplar Grove,US,IL
4906527,Posen,US,IL
4906818,Princeton,US,IL
4906882,Prospect Heights,US,IL
4907131,Rantoul,US,IL
4907514,Richton Park,US,IL
4907637,River Forest,US,IL
4907649,River Grove,US,IL
4907683,Riverdale,US,IL
4907706,Riverside,US,IL
4907786,Robbins,US,IL
4907863,Rochelle,US,IL
4907898,Rock Falls,US,IL
4907907,Rock Island,US,IL
4907959,Rockford,US,IL
4907985,Rockton,US,IL
4908052,Rolling Meadows,US,IL
4908068,Romeoville,US,IL
4908126,Roscoe,US,IL
4908173,Roselle,US,IL
4908236,Round Lake,US,IL
4908237,Round Lake Beach,US,IL
4908243,Round Lake Park,US,IL
4908737,Saint Charles,US,IL
4910543,Sandwich,US,IL
4910634,Sauk Village,US,IL
4910663,Savoy,US,IL
4910713,Schaumburg,US,IL
4910743,Schiller Park,US,IL
4911418,Shorewood,US,IL
4911516,Silvis,US,IL
4911600,Skokie,US,IL
4911830,South Beloit,US,IL
4911893,South Elgin,US,IL
4911934,South Holland,US,IL
4912248,Spring Grove,US,IL
4912303,Spring Valley,US,IL
4912474,Steger,US,IL
4912499,Sterling,US,IL
4912555,Stickney,US,IL
4912691,Streamwood,US,IL
4912698,Streator,US,IL
4912783,Sugar Grove,US,IL
4912845,Summit,US,IL
4913110,Sycamore,US,IL
4913723,Tinley Park,US,IL
4914514,University Park,US,IL
4914570,Urbana,US,IL
4914738,Vernon Hills,US,IL
4914830,Villa Park,US,IL
4915525,Warrenville,US,IL
4915539,Wasco,US,IL
4915545,Washington,US,IL
4915703,Watseka,US,IL
4915725,Wauconda,US,IL
4915734,Waukegan,US,IL
4915963,West Chicago,US,IL
4915977,West Dundee,US,IL
4916140,Westchester,US,IL
4916161,Western Springs,US,IL
4916207,Westmont,US,IL
4916288,Wheaton,US,IL
4916311,Wheeling,US,IL
4916698,Willow Springs,US,IL
4916709,Willowbrook,US,IL
4916732,Wilmette,US,IL
4916740,Wilmington,US,IL
4916826,Winfield,US,IL
4916891,Winnetka,US,IL
4916894,Winthrop Harbor,US,IL
4916975,Wood Dale,US,IL
4917089,Woodridge,US,IL
4917123,Woodstock,US,IL
4917171,Worth,US,IL
4917298,Yorkville,US,IL
4917358,Zion,US,IL
6930979,Village of Campton Hills,US,IL
4828382,Franklin,US,IN
4917537,Alexandria,US,IN
4917592,Anderson,US,IN
4917614,Angola,US,IN
4917712,Auburn,US,IN
4918234,Bluffton,US,IN
4918805,Cedar Lake,US,IN
4918962,Chesterton,US,IN
4919203,Columbia City,US,IN
4919381,Crawfordsville,US,IN
4919451,Crown Point,US,IN
4919564,Decatur,US,IN
4919820,Dyer,US,IN
4919826,Dunlap,US,IN
4919857,East Chicago,US,IN
4919987,Elkhart,US,IN
4920041,Elwood,US,IN
4920423,Fort Wayne,US,IN
4920473,Frankfort,US,IN
4920600,Garrett,US,IN
4920607,Gary,US,IN
4920637,Gas City,US,IN
4920808,Goshen,US,IN
4920869,Granger,US,IN
4920986,Griffith,US,IN
4921100,Hammond,US,IN
4921229,Hartford City,US,IN
4921402,Highland,US,IN
4921476,Hobart,US,IN
4921725,Huntington,US,IN
4922252,Kendallville,US,IN
4922388,Kokomo,US,IN
4922459,LaPorte,US,IN
4922462,Lafayette,US,IN
4922541,Lake Station,US,IN
4922562,Lakes of the Four Seasons,US,IN
4922673,Lebanon,US,IN
4922968,Logansport,US,IN
4923041,Lowell,US,IN
4923210,Marion,US,IN
4923482,Merrillville,US,IN
4923531,Michigan City,US,IN
4923670,Mishawaka,US,IN
4923745,Monticello,US,IN
4923914,Mount Vernon,US,IN
4924006,Muncie,US,IN
4924014,Munster,US,IN
4924077,Nappanee,US,IN
4924104,New Haven,US,IN
4924198,Noblesville,US,IN
4924246,North Manchester,US,IN
4924733,Peru,US,IN
4924970,Plymouth,US,IN
4925006,Portage,US,IN
4925037,Portland,US,IN
4925311,Rensselaer,US,IN
4925519,Rochester,US,IN
4925793,Saint John,US,IN
4926170,Schererville,US,IN
4926563,South Bend,US,IN
4926613,South Haven,US,IN
4927242,Tipton,US,IN
4927537,Valparaiso,US,IN
4927746,Wabash,US,IN
4927854,Warsaw,US,IN
4928096,West Lafayette,US,IN
4928118,Westfield,US,IN
4928145,Westville,US,IN
4928492,Yorktown,US,IN
7259295,Grissom Air Force Base,US,IN
8347326,Fairfield Heights,US,IN
8469294,Notre Dame,US,IN
7259267,Fort Riley North,US,KS
4048662,Paducah,US,KY
7259770,Fort Campbell North,US,KY
7259771,Fort Knox,US,KY
4048888,Red Chute,US,LA
7259776,Fort Polk South,US,LA
4832176,East Falmouth,US,MA
4832272,North Andover,US,MA
4832294,Revere,US,MA
4928662,Abington,US,MA
4928703,Acton,US,MA
4928720,Acushnet,US,MA
4928733,Adams,US,MA
4928788,Agawam,US,MA
4929004,Amesbury,US,MA
4929023,Amherst Center,US,MA
4929055,Andover,US,MA
4929180,Arlington,US,MA
4929256,Ashburnham,US,MA
4929283,Ashland,US,MA
4929376,Athol,US,MA
4929399,Attleboro,US,MA
4929417,Auburn,US,MA
4929771,Barnstable,US,MA
4930183,Bedford,US,MA
4930282,Belmont,US,MA
4930385,Berkley,US,MA
4930505,Beverly,US,MA
4930511,Beverly Cove,US,MA
4930577,Billerica,US,MA
4930738,Blackstone,US,MA
4930804,Bliss Corner,US,MA
4930956,Boston,US,MA
4931181,Braintree,US,MA
4931303,Bridgewater,US,MA
4931429,Brockton,US,MA
4931482,Brookline,US,MA
4931737,Burlington,US,MA
4931972,Cambridge,US,MA
4932214,Canton,US,MA
4932388,Carver,US,MA
4932587,Centerville,US,MA
4932823,Charlton,US,MA
4932869,Chelmsford,US,MA
4932879,Chelsea,US,MA
4933002,Chicopee,US,MA
4933426,Clinton,US,MA
4933493,Cochituate,US,MA
4933533,Cohasset,US,MA
4933743,Concord,US,MA
4934429,Dalton,US,MA
4934500,Danvers,US,MA
4934664,Dedham,US,MA
4934827,Dighton,US,MA
4934999,Douglas,US,MA
4935038,Dracut,US,MA
4935125,Dudley,US,MA
4935330,East Bridgewater,US,MA
4935434,East Longmeadow,US,MA
4935578,Eastham,US,MA
4935582,Easthampton,US,MA
4935623,Easton,US,MA
4936008,Everett,US,MA
4936087,Fairhaven,US,MA
4936159,Fall River,US,MA
4936812,Fitchburg,US,MA
4937222,Foxborough,US,MA
4937230,Framingham,US,MA
4937232,Framingham Center,US,MA
4937276,Franklin,US,MA
4937355,Freetown,US,MA
4937557,Gardner,US,MA
4937829,Gloucester,US,MA
4938048,Grafton,US,MA
4938378,Greenfield,US,MA
4938501,Groveland,US,MA
4938652,Halifax,US,MA
4938697,Hamilton,US,MA
4938738,Hampden,US,MA
4938836,Hanover,US,MA
4938957,Harvard,US,MA
4939004,Harwich,US,MA
4939085,Haverhill,US,MA
4939191,Head of Westport,US,MA
4939549,Hingham,US,MA
4939637,Holbrook,US,MA
4939647,Holden,US,MA
4939693,Holliston,US,MA
4939783,Holyoke,US,MA
4940094,Hudson,US,MA
4940134,Hull,US,MA
4940190,Hyannis,US,MA
4940764,Jamaica Plain,US,MA
4941383,Kingston,US,MA
4941635,Lancaster,US,MA
4941720,Lawrence,US,MA
4941835,Leicester,US,MA
4941873,Leominster,US,MA
4941935,Lexington,US,MA
4942021,Lincoln,US,MA
4942508,Longmeadow,US,MA
4942618,Lowell,US,MA
4942744,Ludlow,US,MA
4942807,Lynn,US,MA
4942821,Lynnfield,US,MA
4942939,Malden,US,MA
4943021,Mansfield,US,MA
4943097,Marblehead,US,MA
4943144,Marion,US,MA
4943170,Marlborough,US,MA
4943227,Marstons Mills,US,MA
4943297,Mashpee,US,MA
4943432,Mattapoisett,US,MA
4943490,Maynard,US,MA
4943616,Medfield,US,MA
4943629,Medford,US,MA
4943648,Medway,US,MA
4943677,Melrose,US,MA
4943746,Mendon,US,MA
4943784,Merrimac,US,MA
4943828,Methuen,US,MA
4943926,Middleton,US,MA
4943958,Milford,US,MA
4944122,Millbury,US,MA
4944173,Millis,US,MA
4944193,Milton,US,MA
4944350,Monson,US,MA
4944413,Montague,US,MA
4944903,Nantucket,US,MA
4944994,Natick,US,MA
4945055,Needham,US,MA
4945121,New Bedford,US,MA
4945256,Newburyport,US,MA
4945283,Newton,US,MA
4945453,Norfolk,US,MA
4945486,North Adams,US,MA
4945497,North Amherst,US,MA
4945588,North Chicopee,US,MA
4945734,North Reading,US,MA
4945764,North Scituate,US,MA
4945819,Northampton,US,MA
4945840,Northborough,US,MA
4945848,Northbridge,US,MA
4945911,Norton,US,MA
4945936,Norwell,US,MA
4945952,Norwood,US,MA
4946546,Oxford,US,MA
4946620,Palmer,US,MA
4946863,Peabody,US,MA
4947397,Pinehurst,US,MA
4947459,Pittsfield,US,MA
4947490,Plainville,US,MA
4947597,Plymouth,US,MA
4948247,Quincy,US,MA
4948403,Randolph,US,MA
4948449,Raynham,US,MA
4948462,Reading,US,MA
4948545,Rehoboth,US,MA
4948924,Rockland,US,MA
4950065,Salem,US,MA
4950267,Saugus,US,MA
4950395,Scituate,US,MA
4950541,Seekonk,US,MA
4950654,Sharon,US,MA
4950898,Shrewsbury,US,MA
4951248,Somerset,US,MA
4951257,Somerville,US,MA
4951305,South Boston,US,MA
4951397,South Hadley,US,MA
4951473,South Peabody,US,MA
4951579,South Yarmouth,US,MA
4951582,Southampton,US,MA
4951591,Southborough,US,MA
4951594,Southbridge,US,MA
4951640,Southwick,US,MA
4951699,Spencer,US,MA
4951788,Springfield,US,MA
4952005,Sterling,US,MA
4952121,Stoneham,US,MA
4952206,Stoughton,US,MA
4952217,Stow,US,MA
4952320,Sudbury,US,MA
4952444,Sutton,US,MA
4952468,Swampscott,US,MA
4952487,Swansea,US,MA
4952629,Taunton,US,MA
4952731,Templeton,US,MA
4952762,Tewksbury,US,MA
4953542,Tyngsboro,US,MA
7257704,Mansfield Center,US,MA
7257713,Middleborough Center,US,MA
4049032,Jessup,US,MD
7257909,Fort Meade,US,MD
7257953,Ashton-Sandy Spring,US,MD
7257991,Bel Air North,US,MD
7257992,Bel Air South,US,MD
7258581,Leisure World,US,MD
7258606,Fountainhead-Orchard Hills,US,MD
4832458,Rockland,US,ME
4832554,Inkster,US,MI
7259593,Comstock Northwest,US,MI
7259621,West Bloomfield Township,US,MI
7259265,Fort Leonard Wood,US,MO
5637146,Anaconda,US,MT
5639364,Belgrade,US,MT
5640350,Billings,US,MT
5641727,Bozeman,US,MT
5642934,Butte,US,MT
5651289,Evergreen,US,MT
5655240,Great Falls,US,MT
5656497,Havre,US,MT
5656882,Helena,US,MT
5660340,Kalispell,US,MT
5661766,Laurel,US,MT
5662162,Lewistown,US,MT
5663049,Livingston,US,MT
5663135,Lockwood,US,MT
5666176,Miles City,US,MT
5666639,Missoula,US,MT
5670128,Orchard Homes,US,MT
5677735,Sidney,US,MT
5686121,Whitefish,US,MT
7172886,Butte-Silver Bow (Balance),US,MT
7261423,Helena Valley Southeast,US,MT
7261424,Helena Valley West Central,US,MT
4160021,Jacksonville,US,NC
4460465,Cherryville,US,NC
4460943,Clayton,US,NC
4461015,Clemmons,US,NC
4461101,Clinton,US,NC
4461574,Concord,US,NC
4461696,Conover,US,NC
4461941,Cornelius,US,NC
4462701,Cullowhee,US,NC
4463053,Davidson,US,NC
4464326,Dunn,US,NC
4464368,Durham,US,NC
4464873,Eden,US,NC
4464897,Edenton,US,NC
4465088,Elizabeth City,US,NC
4465285,Elon,US,NC
4465507,Etowah,US,NC
4466033,Fayetteville,US,NC
4466547,Fletcher,US,NC
4466720,Forest City,US,NC
4467485,Fuquay-Varina,US,NC
4467657,Garner,US,NC
4467732,Gastonia,US,NC
4467926,Gibsonville,US,NC
4468261,Goldsboro,US,NC
4468525,Graham,US,NC
4469146,Greensboro,US,NC
4469160,Greenville,US,NC
4469607,Half Moon,US,NC
4469730,Hamlet,US,NC
4470109,Harrisburg,US,NC
4470244,Havelock,US,NC
4470566,Henderson,US,NC
4470592,Hendersonville,US,NC
4470778,Hickory,US,NC
4471025,High Point,US,NC
4471241,Hillsborough,US,NC
4471641,Holly Springs,US,NC
4471851,Hope Mills,US,NC
4472370,Huntersville,US,NC
4472687,Indian Trail,US,NC
4473083,Jacksonville,US,NC
4473137,James City,US,NC
4474040,Kannapolis,US,NC
4474221,Kernersville,US,NC
4474274,Kill Devil Hills,US,NC
4474316,King,US,NC
4474382,Kings Grant,US,NC
4474388,Kings Mountain,US,NC
4474436,Kinston,US,NC
4474527,Knightdale,US,NC
4474841,Lake Norman of Catawba,US,NC
4475347,Laurinburg,US,NC
4475622,Leland,US,NC
4475640,Lenoir,US,NC
4475767,Lewisville,US,NC
4475773,Lexington,US,NC
4475995,Lincolnton,US,NC
4476919,Long Beach,US,NC
4477525,Lumberton,US,NC
4478003,Marion,US,NC
4478192,Marvin,US,NC
4478253,Masonboro,US,NC
4478334,Matthews,US,NC
4478877,Mebane,US,NC
4479639,Mills River,US,NC
4479759,Mint Hill,US,NC
4479891,Mocksville,US,NC
4479946,Monroe,US,NC
4480125,Mooresville,US,NC
4480153,Morehead City,US,NC
4480219,Morganton,US,NC
4480285,Morrisville,US,NC
4480378,Mount Airy,US,NC
4480560,Mount Holly,US,NC
4481345,Murraysville,US,NC
4481385,Myrtle Grove,US,NC
4481519,Nashville,US,NC
4481682,New Bern,US,NC
4482101,Newton,US,NC
4482916,Oak Island,US,NC
4482941,Oak Ridge,US,NC
4483174,Ogden,US,NC
4483745,Oxford,US,NC
4485272,Pinehurst,US,NC
4485305,Pineville,US,NC
4485355,Piney Green,US,NC
4487042,Raleigh,US,NC
4487682,Reidsville,US,NC
4488232,Roanoke Rapids,US,NC
4488587,Rockingham,US,NC
4488762,Rocky Mount,US,NC
4489200,Roxboro,US,NC
4489985,Salisbury,US,NC
4490329,Sanford,US,NC
4490510,Sawmills,US,NC
4490778,Selma,US,NC
4491180,Shelby,US,NC
4491651,Siler City,US,NC
4491715,Silver Lake,US,NC
4492168,Smithfield,US,NC
4492573,South Gastonia,US,NC
4492722,Southern Pines,US,NC
4493035,Spring Lake,US,NC
4493146,Saint Stephens,US,NC
4493186,Stallings,US,NC
4493316,Statesville,US,NC
4493547,Stokesdale,US,NC
4493990,Summerfield,US,NC
4493991,Summerfield,US,NC
4494513,Tarboro,US,NC
4494942,Thomasville,US,NC
4495616,Trinity,US,NC
4496304,Unionville,US,NC
4497244,Wadesboro,US,NC
4497290,Wake Forest,US,NC
4497666,Washington,US,NC
4497833,Waxhaw,US,NC
4497868,Waynesville,US,NC
4497956,Weddington,US,NC
4498075,Wesley Chapel,US,NC
4498084,Wendell,US,NC
4498303,West Raleigh,US,NC
4498899,Whiteville,US,NC
4499294,Williamston,US,NC
4499379,Wilmington,US,NC
4499389,Wilson,US,NC
4499612,Winston-Salem,US,NC
4499629,Winterville,US,NC
4499850,Woodfin,US,NC
6941080,Fort Bragg,US,NC
7260358,Lake Norman of Catawba,US,NC
5688025,Bismarck,US,ND
5688789,Dickinson,US,ND
5690366,Mandan,US,ND
5690532,Minot,US,ND
5692947,Williston,US,ND
7259396,Minot Air Force Base,US,ND
5693164,Alliance,US,NE
5694163,Chadron,US,NE
5695604,Gering,US,NE
5697383,McCook,US,NE
5697939,North Platte,US,NE
5699404,Scottsbluff,US,NE
5699552,Sidney,US,NE
4500458,Absecon,US,NJ
4500538,Ashland,US,NJ
4500546,Atlantic City,US,NJ
4500572,Audubon,US,NJ
4500653,Barrington,US,NJ
4500709,Beachwood,US,NJ
4500750,Bellmawr,US,NJ
4500771,Berlin,US,NJ
4500920,Brigantine,US,NJ
4500942,Bridgeton,US,NJ
4500959,Browns Mills,US,NJ
4501018,Camden,US,NJ
4501057,Cape May Court House,US,NJ
4501073,Carneys Point,US,NJ
4501198,Cherry Hill,US,NJ
4501204,Cherry Hill Mall,US,NJ
4501234,Cinnaminson,US,NJ
4501265,Clayton,US,NJ
4501306,Collingswood,US,NJ
4501393,Crestwood Village,US,NJ
4501632,Echelon,US,NJ
4501818,Forked River,US,NJ
4501931,Glassboro,US,NJ
4501943,Gloucester City,US,NJ
4502049,Greentree,US,NJ
4502093,Haddon Heights,US,NJ
4502103,Haddonfield,US,NJ
4502129,Hammonton,US,NJ
4502434,Jackson,US,NJ
4502543,Kingston Estates,US,NJ
4502687,Lindenwold,US,NJ
4502690,Linwood,US,NJ
4502901,Maple Shade,US,NJ
4502904,Margate City,US,NJ
4502911,Marlton,US,NJ
4503078,Millville,US,NJ
4503134,Mount Holly,US,NJ
4503136,Mount Laurel,US,NJ
4503204,Mystic Island,US,NJ
4503316,Northfield,US,NJ
4503346,Ocean Acres,US,NJ
4503351,Ocean City,US,NJ
4503516,Paulsboro,US,NJ
4503544,Penns Grove,US,NJ
4503548,Pennsauken,US,NJ
4503555,Pennsville,US,NJ
4503606,Pine Hill,US,NJ
4503635,Pitman,US,NJ
4503646,Pleasantville,US,NJ
4503665,Pomona,US,NJ
4503736,Ramblewood,US,NJ
4503944,Salem,US,NJ
4503953,Runnemede,US,NJ
4504118,Sicklerville,US,NJ
4504164,Smithville,US,NJ
4504180,Somerdale,US,NJ
4504186,Somers Point,US,NJ
4504225,South Vineland,US,NJ
4504250,Springdale,US,NJ
4504336,Stratford,US,NJ
4504476,Toms River,US,NJ
4504598,Ventnor City,US,NJ
4504616,Villas,US,NJ
4504621,Vineland,US,NJ
4504856,Wildwood,US,NJ
4504871,Williamstown,US,NJ
4504915,Woodbury,US,NJ
4833084,Yardville,US,NJ
7258303,Moorestown-Lenola,US,NJ
7258741,Holiday City-Berkeley,US,NJ
8299576,Bridgewater,US,NJ
8299577,Warren Township,US,NJ
8469295,Randolph,US,NJ
5419384,Denver,US,NM
5455381,Anthony,US,NM
5455796,Artesia,US,NM
5456049,Aztec,US,NM
5456975,Belen,US,NM
5457198,Bernalillo,US,NM
5458067,Bloomfield,US,NM
5460459,Carlsbad,US,NM
5461353,Chaparral,US,NM
5462393,Clovis,US,NM
5463237,Corrales,US,NM
5464806,Deming,US,NM
5466585,Eldorado at Santa Fe,US,NM
5467024,Espanola,US,NM
5467328,Farmington,US,NM
5468773,Gallup,US,NM
5469841,Grants,US,NM
5471578,Hobbs,US,NM
5474539,Kirtland,US,NM
5475352,Las Cruces,US,NM
5475433,Las Vegas,US,NM
5475667,Lee Acres,US,NM
5475668,Lee Acres,US,NM
5476825,Los Alamos,US,NM
5476881,Los Chavez,US,NM
5476913,Los Lunas,US,NM
5476960,Los Ranchos de Albuquerque,US,NM
5477090,Lovington,US,NM
5481793,North Valley,US,NM
5484874,Portales,US,NM
5486795,Raton,US,NM
5487811,Rio Rancho,US,NM
5488441,Roswell,US,NM
5488598,Ruidoso,US,NM
5490263,Santa Fe,US,NM
5491288,Shiprock,US,NM
5491487,Silver City,US,NM
5491999,Socorro,US,NM
5492450,South Valley,US,NM
5493403,Sunland Park,US,NM
5493811,Taos,US,NM
5495292,Truth or Consequences,US,NM
5495360,Tucumcari,US,NM
5497876,White Rock,US,NM
5499004,Zuni Pueblo,US,NM
7839240,Enchanted Hills,US,NM
5500539,Boulder City,US,NV
5501344,Carson City,US,NV
5502015,Cold Springs,US,NV
5502732,Dayton,US,NV
5503766,Enterprise,US,NV
5503914,Fallon,US,NV
5504003,Fernley,US,NV
5504468,Gardnerville,US,NV
5504473,Gardnerville Ranchos,US,NV
5505411,Henderson,US,NV
5505963,Incline Village,US,NV
5506353,Johnson Lane,US,NV
5506956,Las Vegas,US,NV
5507016,Laughlin,US,NV
5507103,Lemmon Valley,US,NV
5508180,Mesquite,US,NV
5508473,Moapa Valley,US,NV
5509403,North Las Vegas,US,NV
5509851,Pahrump,US,NV
5509952,Paradise,US,NV
5511077,Reno,US,NV
5512373,Silver Springs,US,NV
5512827,Spanish Springs,US,NV
5512862,Sparks,US,NV
5512909,Spring Valley,US,NV
5513307,Sun Valley,US,NV
5513343,Sunrise Manor,US,NV
5515110,Whitney,US,NV
5515345,Winchester,US,NV
5550579,Indian Hills,US,NV
5703670,Elko,US,NV
5708894,Spring Creek,US,NV
5710360,Winnemucca,US,NV
7262622,Summerlin South,US,NV
4833276,Watervliet,US,NY
7257905,Fort Drum,US,NY
7258078,Carmel Hamlet,US,NY
7258652,Glens Falls North,US,NY
7258782,Jefferson Valley-Yorktown,US,NY
7258965,Setauket-East Setauket,US,NY
7259084,Tonawanda,US,NY
4050006,Delhi Hills,US,OH
4050118,Turpin Hills,US,OH
4505542,Athens,US,OH
4506008,Beavercreek,US,OH
4506031,Beckett Ridge,US,OH
4506166,Bellbrook,US,OH
4506187,Belpre,US,OH
4506487,Bexley,US,OH
4506666,Blacklick Estates,US,OH
4506754,Blue Ash,US,OH
4507067,Bridgetown,US,OH
4507188,Brookville,US,OH
4507883,Canal Winchester,US,OH
4508204,Centerville,US,OH
4508465,Cheviot,US,OH
4508722,Cincinnati,US,OH
4508778,Circleville,US,OH
4508885,Clayton,US,OH
4509177,Columbus,US,OH
4509506,Covedale,US,OH
4509884,Dayton,US,OH
4509986,Deer Park,US,OH
4510062,Dent,US,OH
4510342,Dry Run,US,OH
4510719,Eaton,US,OH
4511064,Englewood,US,OH
4511263,Fairborn,US,OH
4511283,Fairfield,US,OH
4511642,Finneytown,US,OH
4512060,Forest Park,US,OH
4512083,Forestville,US,OH
4512203,Franklin,US,OH
4512557,Geneva,US,OH
4512620,Germantown,US,OH
4513057,Grandview Heights,US,OH
4513394,Groesbeck,US,OH
4513409,Grove City,US,OH
4513425,Groveport,US,OH
4513575,Hamilton,US,OH
4513805,Harrison,US,OH
4514282,Hillsboro,US,OH
4514746,Huber Heights,US,OH
4515247,Ironton,US,OH
4515318,Jackson,US,OH
4515813,Kenwood,US,OH
4515843,Kettering,US,OH
4516233,Lancaster,US,OH
4516248,Landen,US,OH
4516412,Lebanon,US,OH
4516701,Lincoln Village,US,OH
4516989,Logan,US,OH
4517009,London,US,OH
4517140,Loveland,US,OH
4517323,Mack,US,OH
4517353,Madeira,US,OH
4517586,Marietta,US,OH
4517698,Mason,US,OH
4518188,Miamisburg,US,OH
4518264,Middletown,US,OH
4518307,Milford,US,OH
4518550,Monroe,US,OH
4518596,Monfort Heights,US,OH
4518597,Montgomery,US,OH
4518661,Moraine,US,OH
4518890,Mount Healthy,US,OH
4519445,Nelsonville,US,OH
4519486,New Burlington,US,OH
4519497,New Carlisle,US,OH
4519853,North College Hill,US,OH
4519924,Northbrook,US,OH
4519938,Northgate,US,OH
4519950,Northridge,US,OH
4519951,Northridge,US,OH
4519995,Norwood,US,OH
4520163,Oakwood,US,OH
4520760,Oxford,US,OH
4520905,Pataskala,US,OH
4521209,Pickerington,US,OH
4521816,Portsmouth,US,OH
4522228,Reading,US,OH
4522411,Reynoldsburg,US,OH
4522586,Riverside,US,OH
4524499,Sharonville,US,OH
4524642,Shiloh,US,OH
4525304,Springboro,US,OH
4525310,Springdale,US,OH
4525353,Springfield,US,OH
4525829,Summerside,US,OH
4526225,The Village of Indian Hill,US,OH
4526365,Tipp City,US,OH
4526469,Trenton,US,OH
4526576,Trotwood,US,OH
4526790,Union,US,OH
4526993,Upper Arlington,US,OH
4527124,Vandalia,US,OH
4527660,Washington Court House,US,OH
4527879,Wellston,US,OH
4527963,West Carrollton City,US,OH
4528203,Wheelersburg,US,OH
4528259,White Oak,US,OH
4528291,Whitehall,US,OH
4528463,Wilmington,US,OH
4528596,Withamsville,US,OH
4528793,Wyoming,US,OH
4528810,Xenia,US,OH
4528923,Zanesville,US,OH
4828890,Chillicothe,US,OH
4833320,Cleveland Heights,US,OH
7259400,Montrose-Ghent,US,OH
7259582,Champion Heights,US,OH
4529096,Ada,US,OK
4529292,Altus,US,OK
4529353,Anadarko,US,OK
4529469,Ardmore,US,OK
4529987,Bartlesville,US,OK
4530372,Bethany,US,OK
4530801,Bixby,US,OK
4530866,Blackwell,US,OK
4530883,Blanchard,US,OK
4531405,Broken Arrow,US,OK
4532493,Catoosa,US,OK
4533029,Chickasha,US,OK
4533130,Choctaw,US,OK
4533580,Claremore,US,OK
4533738,Clinton,US,OK
4533909,Collinsville,US,OK
4534386,Coweta,US,OK
4534659,Cushing,US,OK
4534934,Del City,US,OK
4535389,Duncan,US,OK
4535414,Durant,US,OK
4535740,Edmond,US,OK
4535783,El Reno,US,OK
4535823,Elk City,US,OK
4535961,Enid,US,OK
4537641,Glenpool,US,OK
4538126,Grove,US,OK
4538142,Guthrie,US,OK
4538346,Harrah,US,OK
4538577,Henryetta,US,OK
4538869,Holdenville,US,OK
4539145,Hugo,US,OK
4539224,Idabel,US,OK
4539615,Jenks,US,OK
4540737,Lawton,US,OK
4541625,Lone Grove,US,OK
4542367,McAlester,US,OK
4542692,Miami,US,OK
4542765,Midwest City,US,OK
4542975,Moore,US,OK
4543338,Muskogee,US,OK
4543352,Mustang,US,OK
4543622,Newcastle,US,OK
4543733,Noble,US,OK
4543762,Norman,US,OK
4544349,Oklahoma City,US,OK
4544383,Okmulgee,US,OK
4547407,Owasso,US,OK
4547690,Pauls Valley,US,OK
4547861,Perry,US,OK
4547969,Piedmont,US,OK
4548267,Ponca City,US,OK
4548363,Poteau,US,OK
4548516,Pryor,US,OK
4548560,Purcell,US,OK
4550374,Sallisaw,US,OK
4550659,Sand Springs,US,OK
4550881,Sapulpa,US,OK
4551042,Seminole,US,OK
4551177,Shawnee,US,OK
4551408,Skiatook,US,OK
4552215,Stillwater,US,OK
4552707,Tahlequah,US,OK
4552820,Tecumseh,US,OK
4552969,The Village,US,OK
5515743,Guymon,US,OK
5710756,Albany,US,OR
5711099,Aloha,US,OR
5711149,Altamont,US,OR
5711789,Ashland,US,OR
5711847,Astoria,US,OR
5712169,Baker City,US,OR
5713376,Beaverton,US,OR
5713587,Bend,US,OR
5713759,Bethany,US,OR
5715905,Brookings,US,OR
5717758,Canby,US,OR
5718480,Cedar Hills,US,OR
5718492,Cedar Mill,US,OR
5718601,Central Point,US,OR
5719308,Clackamas,US,OR
5720495,Coos Bay,US,OR
5720639,Cornelius,US,OR
5720727,Corvallis,US,OR
5720755,Cottage Grove,US,OR
5721551,Creswell,US,OR
5722064,Dallas,US,OR
5722088,Damascus,US,OR
5722960,Deschutes River Woods,US,OR
5724581,Eagle Point,US,OR
5725846,Eugene,US,OR
5726018,Fairview,US,OR
5727032,Florence,US,OR
5727190,Forest Grove,US,OR
5727382,Four Corners,US,OR
5728429,Gladstone,US,OR
5729080,Grants Pass,US,OR
5729293,Green,US,OR
5729485,Gresham,US,OR
5730183,Happy Valley,US,OR
5730675,Hayesville,US,OR
5731070,Hermiston,US,OR
5731371,Hillsboro,US,OR
5731777,Hood River,US,OR
5732763,Independence,US,OR
5733582,Jennings Lodge,US,OR
5734198,Junction City,US,OR
5734711,Keizer,US,OR
5735238,Klamath Falls,US,OR
5735537,La Grande,US,OR
5735724,Lake Oswego,US,OR
5736218,Lebanon,US,OR
5736378,Lents,US,OR
5736645,Lincoln City,US,OR
5738690,Madras,US,OR
5739936,McMinnville,US,OR
5740099,Medford,US,OR
5740898,Milton-Freewater,US,OR
5740900,Milwaukie,US,OR
5741182,Molalla,US,OR
5741227,Monmouth,US,OR
5742726,Newberg,US,OR
5742750,Newport,US,OR
5742974,North Bend,US,OR
5743731,Oak Grove,US,OR
5743753,Oak Hills,US,OR
5744166,Ontario,US,OR
5744253,Oregon City,US,OR
5745380,Pendleton,US,OR
5746545,Portland,US,OR
5746901,Prineville,US,OR
5747420,Raleigh Hills,US,OR
5747882,Redmond,US,OR
5749017,Rockcreek,US,OR
5749352,Roseburg,US,OR
5750041,Saint Helens,US,OR
5750162,Salem,US,OR
5750477,Sandy,US,OR
5750663,Scappoose,US,OR
5750984,Seaside,US,OR
5751600,Sheridan,US,OR
5751632,Sherwood,US,OR
5752024,Silverton,US,OR
5754005,Springfield,US,OR
5754464,Stayton,US,OR
5755307,Sunnyside,US,OR
5755474,Sutherlin,US,OR
5755674,Sweet Home,US,OR
5755890,Talent,US,OR
5756304,The Dalles,US,OR
5756758,Tigard,US,OR
5757477,Troutdale,US,OR
5757506,Tualatin,US,OR
5758052,Umatilla,US,OR
5759989,West Haven,US,OR
5760009,West Linn,US,OR
5760068,West Slope,US,OR
5760396,White City,US,OR
5761287,Wilsonville,US,OR
5761481,Winston,US,OR
5761708,Woodburn,US,OR
7261327,Garden Home-Whitford,US,OR
7262019,Oatfield,US,OR
7262259,Roseburg North,US,OR
7262498,West Haven-Sylvan,US,OR
4833478,Carnegie,US,PA
4953804,Uxbridge,US,PA
5197159,Lansdale,US,PA
5197227,Latrobe,US,PA
5197517,Lebanon,US,PA
5197673,Lehighton,US,PA
5197796,Levittown,US,PA
5197842,Lewisburg,US,PA
5197850,Lewistown,US,PA
5198034,Limerick,US,PA
5198180,Linglestown,US,PA
5198218,Lititz,US,PA
5198635,Lock Haven,US,PA
5199075,Lower Allen,US,PA
5199087,Lower Burrell,US,PA
5199740,Maple Glen,US,PA
5199781,Maple Glen,US,PA
5200474,McKees Rocks,US,PA
5200499,McKeesport,US,PA
5200644,Meadville,US,PA
5200657,Mechanicsburg,US,PA
5201027,Middletown,US,PA
5201031,Middletown,US,PA
5201470,Milton,US,PA
5201658,Monaca,US,PA
5201665,Monessen,US,PA
5201734,Monroeville,US,PA
5201776,Montgomeryville,US,PA
5201901,Moosic,US,PA
5201996,Morrisville,US,PA
5202114,Mount Carmel,US,PA
5202202,Mount Joy,US,PA
5202215,Mount Lebanon,US,PA
5202534,Mountain Top,US,PA
5202535,Mountain Top,US,PA
5202734,Munhall,US,PA
5202765,Murrysville,US,PA
5202855,Nanticoke,US,PA
5202938,Nazareth,US,PA
5203116,New Brighton,US,PA
5203127,New Castle,US,PA
5203164,New Cumberland,US,PA
5203211,New Kensington,US,PA
5203221,New Holland,US,PA
5203506,Norristown,US,PA
5203785,North Versailles,US,PA
5203804,Northampton,US,PA
5204203,Oakmont,US,PA
5204278,Oil City,US,PA
5204331,Old Forge,US,PA
5204476,Olyphant,US,PA
5204575,Oreland,US,PA
5204957,Palmerton,US,PA
5204964,Palmyra,US,PA
5205037,Paoli,US,PA
5205094,Park Forest Village,US,PA
5205267,Paxtonia,US,PA
5205377,Penn Hills,US,PA
5205638,Perkasie,US,PA
5205849,Phoenixville,US,PA
7258082,Carnot-Moon,US,PA
7258393,Northwest Harborcreek,US,PA
7258746,Homeacre-Lyndora,US,PA
7258973,Shanor-Northvue,US,PA
7259013,South Park Township,US,PA
7259124,Village Green-Green Ridge,US,PA
8643098,Cranberry Township,US,PA
5206379,Pittsburgh,US,RI
5224949,Smithfield,US,RI
5225245,Tiverton,US,RI
5225388,Valley Falls,US,RI
5225502,Warren,US,RI
5225507,Warwick,US,RI
5225627,West Warwick,US,RI
5225631,Westerly,US,RI
5225809,Woonsocket,US,RI
7257658,Newport East,US,RI
7257663,Wakefield-Peacedale,US,RI
8260172,West Greenwich,US,RI
4050356,Lugoff,US,SC
7260357,Lake Murray of Richland,US,SC
7260518,Oak Grove,US,SC
5225857,Aberdeen,US,SD
5226489,Brandon,US,SD
5226534,Brookings,US,SD
5228673,Huron,US,SD
5229526,Madison,US,SD
5229794,Mitchell,US,SD
5231851,Sioux Falls,US,SD
5232592,Vermillion,US,SD
5232741,Watertown,US,SD
5233053,Yankton,US,SD
5762718,Belle Fourche,US,SD
5763011,Box Elder,US,SD
5767918,Pierre,US,SD
5768233,Rapid City,US,SD
5768244,Rapid Valley,US,SD
5769288,Spearfish,US,SD
5769489,Sturgis,US,SD
4046274,Edna,US,TX
4046332,Henderson,US,TX
4050880,Buda,US,TX
4553433,Tulsa,US,TX
4671524,Atascocita,US,TX
4671545,Athens,US,TX
4671576,Atlanta,US,TX
4671654,Austin,US,TX
4671800,Azle,US,TX
4671895,Bacliff,US,TX
4672059,Balch Springs,US,TX
4672576,Bastrop,US,TX
4672731,Baytown,US,TX
4672989,Beaumont,US,TX
4673094,Bedford,US,TX
4673258,Beeville,US,TX
4673353,Bellaire,US,TX
4673389,Bellmead,US,TX
4673425,Belton,US,TX
4673482,Benbrook,US,TX
4675373,Boerne,US,TX
4675577,Bonham,US,TX
4675803,Bowie,US,TX
4676032,Brady,US,TX
4676181,Breckenridge,US,TX
4676206,Brenham,US,TX
4676266,Briar,US,TX
4676316,Bridge City,US,TX
4676327,Bridgeport,US,TX
4676740,Brownsville,US,TX
4676798,Brownwood,US,TX
4676920,Brushy Creek,US,TX
4677008,Bryan,US,TX
4677526,Burkburnett,US,TX
4677551,Burleson,US,TX
4677592,Burnet,US,TX
4678357,Cameron,US,TX
4678379,Cameron Park,US,TX
4678381,Cameron Park Colonia,US,TX
4678565,Camp Swift,US,TX
4678901,Canyon Lake,US,TX
4679148,Carrizo Springs,US,TX
4679195,Carrollton,US,TX
4679272,Carthage,US,TX
4679803,Cedar Hill,US,TX
4679867,Cedar Park,US,TX
4679944,Celina,US,TX
4679987,Center,US,TX
4679988,Center,US,TX
4680388,Channelview,US,TX
4681462,Cibolo,US,TX
4681485,Cinco Ranch,US,TX
4681976,Cleburne,US,TX
4682031,Cleveland,US,TX
4682032,Cleveland,US,TX
4682127,Cloverleaf,US,TX
4682163,Clute,US,TX
4682464,College Station,US,TX
4682478,Colleyville,US,TX
4682762,Commerce,US,TX
4682991,Conroe,US,TX
4683021,Converse,US,TX
4683217,Coppell,US,TX
4683244,Copperas Cove,US,TX
4683317,Corinth,US,TX
4683416,Corpus Christi,US,TX
4683462,Corsicana,US,TX
4684218,Crockett,US,TX
4684434,Crowley,US,TX
4684480,Crystal City,US,TX
4684547,Cuero,US,TX
4684724,Cypress,US,TX
4684888,Dallas,US,TX
4685449,Dayton,US,TX
4685524,DeSoto,US,TX
4685617,Decatur,US,TX
4685737,Deer Park,US,TX
4685892,Denison,US,TX
4685907,Denton,US,TX
4686163,Dickinson,US,TX
4686472,Doffing,US,TX
4686593,Donna,US,TX
4687331,Duncanville,US,TX
4687588,Eagle Mountain,US,TX
4688275,Edinburg,US,TX
4688506,El Campo,US,TX
4688756,Elgin,US,TX
4689120,Elsa,US,TX
4689311,Ennis,US,TX
4689550,Euless,US,TX
4689708,Everman,US,TX
4689803,Fair Oaks Ranch,US,TX
4689871,Fairview,US,TX
4690198,Farmers Branch,US,TX
4690257,Fate,US,TX
4691553,Floresville,US,TX
4691585,Flower Mound,US,TX
4691766,Forest Hill,US,TX
4691833,Forney,US,TX
4691930,Fort Worth,US,TX
4692051,Four Corners,US,TX
4692279,Fredericksburg,US,TX
4692355,Freeport,US,TX
4692400,Fresno,US,TX
4692521,Friendswood,US,TX
4692559,Frisco,US,TX
4692746,Gainesville,US,TX
4692771,Galena Park,US,TX
4692883,Galveston,US,TX
4693003,Garland,US,TX
4693150,Gatesville,US,TX
4693342,Georgetown,US,TX
4693621,Gladewater,US,TX
4693726,Glenn Heights,US,TX
4693940,Gonzales,US,TX
4694420,Graham,US,TX
4694459,Granbury,US,TX
4694482,Grand Prairie,US,TX
4694568,Grapevine,US,TX
4694896,Greatwood,US,TX
4695066,Greenville,US,TX
4695317,Groves,US,TX
4695535,Gun Barrel City,US,TX
4695912,Haltom City,US,TX
4696202,Harker Heights,US,TX
4696233,Harlingen,US,TX
4696876,Heath,US,TX
4697038,Helotes,US,TX
4697060,Hempstead,US,TX
4697330,Hewitt,US,TX
4697442,Hidalgo,US,TX
4697616,Highland Park,US,TX
4697645,Highland Village,US,TX
4697652,Highlands,US,TX
4697867,Hillsboro,US,TX
4697988,Hitchcock,US,TX
4698562,Hondo,US,TX
4698809,Hornsby Bend,US,TX
4699066,Houston,US,TX
4700401,Jacinto City,US,TX
4700550,Jacksonville,US,TX
4700731,Jasper,US,TX
4700967,Jersey Village,US,TX
4701458,Jollyville,US,TX
4701659,Joshua,US,TX
4702728,Kaufman,US,TX
4702732,Katy,US,TX
4702785,Keene,US,TX
4702828,Keller,US,TX
4702986,Kennedale,US,TX
4703078,Kerrville,US,TX
4703199,Kilgore,US,TX
4703223,Killeen,US,TX
4703372,Kingsland,US,TX
4703384,Kingsville,US,TX
4703415,Kirby,US,TX
4703811,Kyle,US,TX
4703938,La Feria,US,TX
4703972,La Homa,US,TX
4704027,La Marque,US,TX
4704108,La Porte,US,TX
4704238,Lacy-Lakeview,US,TX
4704276,Lago Vista,US,TX
4704482,Lake Dallas,US,TX
4704628,Lake Jackson,US,TX
4704940,Lakehills,US,TX
4705041,Lakeway,US,TX
4705176,Lampasas,US,TX
4705191,Lancaster,US,TX
4705349,Laredo,US,TX
4705692,League City,US,TX
4705708,Leander,US,TX
4705923,Leon Valley,US,TX
4706057,Lewisville,US,TX
4706088,Liberty,US,TX
4706736,Little Elm,US,TX
4707055,Live Oak,US,TX
4707173,Livingston,US,TX
4707295,Lockhart,US,TX
4707814,Longview,US,TX
4707932,Los Fresnos,US,TX
4708255,Lucas,US,TX
4708308,Lufkin,US,TX
4708320,Luling,US,TX
4708328,Lumberton,US,TX
4708989,Manor,US,TX
4709013,Mansfield,US,TX
4709027,Manvel,US,TX
4709090,Marble Falls,US,TX
4709215,Marlin,US,TX
4709272,Marshall,US,TX
4709796,McAllen,US,TX
4710178,McKinney,US,TX
4710749,Mercedes,US,TX
4710826,Mesquite,US,TX
4710963,Mexia,US,TX
4711156,Midlothian,US,TX
4711253,Mila Doce,US,TX
4711647,Mineral Wells,US,TX
4711725,Mission,US,TX
4711729,Mission Bend,US,TX
4711801,Missouri City,US,TX
4712933,Mount Pleasant,US,TX
4713506,Murillo Colonia,US,TX
4713507,Murphy,US,TX
4713735,Nacogdoches,US,TX
4713866,Navasota,US,TX
4713932,Nederland,US,TX
4714131,New Braunfels,US,TX
4714582,New Territory,US,TX
4715292,North Richland Hills,US,TX
4715696,Nurillo,US,TX
4716805,Orange,US,TX
4717232,Palestine,US,TX
4717339,Palmview,US,TX
4717341,Palmview South,US,TX
4717560,Paris,US,TX
4717782,Pasadena,US,TX
4718097,Pearland,US,TX
4718107,Pearsall,US,TX
4718209,Pecan Grove,US,TX
4718236,Pecan Plantation,US,TX
4718491,Perezville,US,TX
4718711,Pflugerville,US,TX
4718721,Pharr,US,TX
4719457,Plano,US,TX
4719720,Pleasanton,US,TX
4720039,Port Arthur,US,TX
4720060,Port Isabel,US,TX
4720067,Port Lavaca,US,TX
4720072,Port Neches,US,TX
4720131,Portland,US,TX
4720493,Prairie View,US,TX
4720743,Princeton,US,TX
4720789,Progreso,US,TX
4720833,Prosper,US,TX
4721703,Raymondville,US,TX
4721921,Red Oak,US,TX
4722231,Rendon,US,TX
4722625,Richardson,US,TX
4722668,Richland Hills,US,TX
4722684,Richmond,US,TX
4722837,Rio Grande City,US,TX
4722925,River Oaks,US,TX
4723024,Roanoke,US,TX
4723165,Robinson,US,TX
4723212,Robstown,US,TX
4723369,Rockdale,US,TX
4723406,Rockwall,US,TX
4723422,Rockport,US,TX
4723763,Roma-Los Saenz,US,TX
4723914,Rosenberg,US,TX
4724129,Round Rock,US,TX
4724194,Rowlett,US,TX
4724241,Royse City,US,TX
4724359,Rusk,US,TX
4724564,Sachse,US,TX
4724642,Saginaw,US,TX
4726206,San Antonio,US,TX
4726290,San Benito,US,TX
4726440,San Juan,US,TX
4726491,San Marcos,US,TX
4726957,Sanger,US,TX
4727022,Santa Fe,US,TX
4727326,Schertz,US,TX
4727596,Seabrook,US,TX
4727605,Seagoville,US,TX
4727629,Sealy,US,TX
4727756,Seguin,US,TX
4727785,Selma,US,TX
4728052,Shady Hollow,US,TX
4728328,Sherman,US,TX
4728608,Sienna Plantation,US,TX
4728653,Silsbee,US,TX
4728826,Sinton,US,TX
4733042,South Houston,US,TX
4733313,Southlake,US,TX
4733624,Spring,US,TX
4734005,Stafford,US,TX
4734350,Stephenville,US,TX
4734825,Sugar Land,US,TX
4734909,Sulphur Springs,US,TX
4735013,Sunnyvale,US,TX
4735702,Taylor,US,TX
4735966,Temple,US,TX
4736028,Terrell,US,TX
4736096,Texarkana,US,TX
4736134,Texas City,US,TX
4736388,The Colony,US,TX
4736476,The Woodlands,US,TX
4736922,Timberwood Park,US,TX
4737094,Tomball,US,TX
4737676,Trophy Club,US,TX
4738214,Tyler,US,TX
4738574,Universal City,US,TX
4738606,University Park,US,TX
4738721,Uvalde,US,TX
4739078,Vernon,US,TX
4739157,Victoria,US,TX
4739226,Vidor,US,TX
4739526,Waco,US,TX
4739641,Wake Village,US,TX
4740214,Watauga,US,TX
4740328,Waxahachie,US,TX
4740364,Weatherford,US,TX
4740423,Webster,US,TX
4740584,Wells Branch,US,TX
4740629,Weslaco,US,TX
4740941,West Livingston,US,TX
4741100,West University Place,US,TX
4741325,Wharton,US,TX
4741501,White Oak,US,TX
4741616,White Settlement,US,TX
4741641,Whitehouse,US,TX
4741752,Wichita Falls,US,TX
4742170,Willis,US,TX
4742537,Windcrest,US,TX
4743105,Woodway,US,TX
4743275,Wylie,US,TX
4743432,Yoakum,US,TX
4743575,Zapata,US,TX
4829307,Bay City,US,TX
5516203,Alpine,US,TX
5516233,Amarillo,US,TX
5516288,Andrews,US,TX
5516368,Anthony,US,TX
5517061,Big Spring,US,TX
5517469,Borger,US,TX
5517675,Brownfield,US,TX
5518232,Canutillo,US,TX
5518239,Canyon,US,TX
5518758,Childress,US,TX
5519862,Dalhart,US,TX
5520076,Del Rio,US,TX
5520552,Dumas,US,TX
5520677,Eagle Pass,US,TX
5520953,Eidson Road,US,TX
5520993,El Paso,US,TX
5521233,Fabens,US,TX
5521746,Fort Stockton,US,TX
5523074,Hereford,US,TX
5523335,Homestead Meadows North,US,TX
5523336,Homestead Meadows South,US,TX
5523369,Horizon City,US,TX
5524527,Kermit,US,TX
5524849,Lamesa,US,TX
5525042,Levelland,US,TX
5525295,Littlefield,US,TX
5525577,Lubbock,US,TX
5526337,Midland,US,TX
5526514,Monahans,US,TX
5526805,Muleshoe,US,TX
5527554,Odessa,US,TX
5527953,Pampa,US,TX
5528182,Pecos,US,TX
5528274,Perryton,US,TX
5528450,Plainview,US,TX
5528596,Post,US,TX
5530022,San Angelo,US,TX
5530058,San Elizario,US,TX
5530452,Seminole,US,TX
5530825,Slaton,US,TX
5530921,Snyder,US,TX
5530932,Socorro,US,TX
5530937,Socorro Mission Number 1 Colonia,US,TX
5531968,Sweetwater,US,TX
5533366,West Odessa,US,TX
7261282,Fort Bliss,US,TX
7261291,Fort Hood,US,TX
7261570,Lackland Air Force Base,US,TX
5536630,Cedar City,US,UT
5538914,Enoch,US,UT
5538927,Ephraim,US,UT
5540831,Hurricane,US,UT
5541061,Ivins,US,UT
5543307,Moab,US,UT
5543853,Nephi,US,UT
5545269,Price,US,UT
5545710,Richfield,US,UT
5546220,Saint George,US,UT
5546441,Santa Clara,US,UT
5546452,Santaquin,US,UT
5549222,Washington,US,UT
5555083,Little Cottonwood Creek Valley,US,UT
5555097,Salem,US,UT
5770732,Alpine,US,UT
5771716,Bluffdale,US,UT
5771826,Bountiful,US,UT
5771960,Brigham City,US,UT
5772418,Canyon Rim,US,UT
5772581,Cedar Hills,US,UT
5772654,Centerville,US,UT
5772959,Clearfield,US,UT
5773001,Clinton,US,UT
5773304,Cottonwood Heights,US,UT
5774001,Draper,US,UT
5774215,Eagle Mountain,US,UT
5774301,East Millcreek,US,UT
5774662,Farmington,US,UT
5774685,Farr West,US,UT
5775346,Grantsville,US,UT
5775615,Harrisville,US,UT
5775699,Heber,US,UT
5775782,Herriman,US,UT
5775863,Highland,US,UT
5776008,Holladay,US,UT
5776092,Hooper,US,UT
5776228,Hyrum,US,UT
5776715,Kaysville,US,UT
5776727,Kearns,US,UT
5777107,Layton,US,UT
5777224,Lehi,US,UT
5777332,Lindon,US,UT
5777544,Logan,US,UT
5777793,Magna,US,UT
5777915,Mapleton,US,UT
5778244,Midvale,US,UT
5778352,Millcreek,US,UT
5778601,Mount Olympus,US,UT
5778755,Murray,US,UT
5778898,Nibley,US,UT
5779025,North Logan,US,UT
5779036,North Ogden,US,UT
5779068,North Salt Lake,US,UT
5779206,Ogden,US,UT
5779333,Oquirrh,US,UT
5779334,Orem,US,UT
5779451,Park City,US,UT
5779548,Payson,US,UT
5779798,Plain City,US,UT
5779816,Pleasant Grove,US,UT
5779833,Pleasant View,US,UT
5780020,Providence,US,UT
5780026,Provo,US,UT
5780531,Riverdale,US,UT
5780557,Riverton,US,UT
5780699,Roosevelt,US,UT
5780802,Roy,US,UT
5780993,Salt Lake City,US,UT
5781061,Sandy City,US,UT
5781070,Sandy Hills,US,UT
5781087,Saratoga Springs,US,UT
5781551,Smithfield,US,UT
5781609,Snyderville,US,UT
5781765,South Jordan Heights,US,UT
5781770,South Jordan,US,UT
5781783,South Ogden,US,UT
5781794,South Salt Lake,US,UT
5781809,South Weber,US,UT
5781860,Spanish Fork,US,UT
5781993,Springville,US,UT
5782055,Stansbury park,US,UT
5782272,Summit Park,US,UT
5782320,Sunset,US,UT
5782391,Syracuse,US,UT
5782476,Taylorsville,US,UT
5783695,Tooele,US,UT
5783768,Tremonton,US,UT
5784154,Vernal,US,UT
5784384,Washington Terrace,US,UT
5784504,West Bountiful,US,UT
5784540,West Haven,US,UT
5784549,West Jordan,US,UT
5784580,West Point,US,UT
5784607,West Valley City,US,UT
5784731,White City,US,UT
5785116,Woods Cross,US,UT
5844096,American Fork,US,UT
4046704,Fort Hunt,US,VA
4743815,Abingdon,US,VA
4744091,Alexandria,US,VA
4744468,Annandale,US,VA
4744645,Aquia Harbour,US,VA
4744709,Arlington,US,VA
4744870,Ashburn,US,VA
4744905,Ashland,US,VA
4745272,Baileys Crossroads,US,VA
4746265,Bedford,US,VA
4746457,Belle Haven,US,VA
4746526,Bellwood,US,VA
4746535,Belmont,US,VA
4746664,Bensley,US,VA
4747554,Big Stone Gap,US,VA
4747845,Blacksburg,US,VA
4748125,Bluefield,US,VA
4748305,Bon Air,US,VA
4748703,Brambleton,US,VA
4748726,Brandermill,US,VA
4748925,Bridgewater,US,VA
4748993,Bristol,US,VA
4749103,Broadlands,US,VA
4749627,Buckhall,US,VA
4749715,Buena Vista,US,VA
4749854,Bull Run,US,VA
4749950,Burke,US,VA
4751421,Cave Spring,US,VA
4751839,Centreville,US,VA
4751886,Chamberlayne,US,VA
4751935,Chantilly,US,VA
4752031,Charlottesville,US,VA
4752136,Cherry Hill,US,VA
4752186,Chesapeake,US,VA
4752229,Chester,US,VA
4752665,Christiansburg,US,VA
4753635,Collinsville,US,VA
4753671,Colonial Heights,US,VA
4754219,Countryside,US,VA
4754358,Covington,US,VA
4754901,Crozet,US,VA
4754966,Culpeper,US,VA
4755158,Dale City,US,VA
4755280,Danville,US,VA
4756348,Dranesville,US,VA
4756653,Dumbarton,US,VA
4756736,Dunn Loring,US,VA
4756955,East Hampton,US,VA
4756972,East Highland Park,US,VA
4757673,Emporia,US,VA
4757863,Ettrick,US,VA
4758023,Fairfax,US,VA
4758102,Fairfax Station,US,VA
4758390,Falls Church,US,VA
4758495,Farmville,US,VA
4759120,Fishersville,US,VA
4759430,Floris,US,VA
4759556,Forest,US,VA
4759735,Fort Lee,US,VA
4759968,Franconia,US,VA
4759986,Franklin,US,VA
4760059,Fredericksburg,US,VA
4760232,Front Royal,US,VA
4760363,Gainesville,US,VA
4760376,Galax,US,VA
4761054,Glen Allen,US,VA
4761171,Gloucester Point,US,VA
4761951,Great Falls,US,VA
4762155,Greenbriar,US,VA
4762493,Groveton,US,VA
4762894,Hampton,US,VA
4763231,Harrisonburg,US,VA
4763793,Herndon,US,VA
4764127,Highland Springs,US,VA
4764534,Hollins,US,VA
4764607,Hollymead,US,VA
4764826,Hopewell,US,VA
4765392,Huntington,US,VA
4765520,Hybla Valley,US,VA
4765553,Idylwood,US,VA
4765594,Independent Hill,US,VA
4766586,Jefferson,US,VA
4768185,Lake Barcroft,US,VA
4768313,Lake Monticello,US,VA
4768351,Lake Ridge,US,VA
4768423,Lakeside,US,VA
4768678,Laurel,US,VA
4769125,Leesburg,US,VA
4769339,Lexington,US,VA
4769608,Lincolnia,US,VA
4769667,Linton Hall,US,VA
4770714,Lorton,US,VA
4770931,Lowes Island,US,VA
4771075,Lynchburg,US,VA
4771247,Madison Heights,US,VA
4771401,Manassas,US,VA
4771414,Manassas Park,US,VA
4771494,Mantua,US,VA
4771643,Marion,US,VA
4771808,Martinsville,US,VA
4772354,McLean,US,VA
4772566,Mechanicsville,US,VA
4772735,Merrifield,US,VA
4773677,Montclair,US,VA
4773747,Montrose,US,VA
4775660,New Baltimore,US,VA
4775981,Newington,US,VA
4776024,Newport News,US,VA
4776222,Norfolk,US,VA
4776472,North Springfield,US,VA
4776970,Oakton,US,VA
4778626,Petersburg,US,VA
4778945,Pimmit Hills,US,VA
4779923,Poquoson,US,VA
4779999,Portsmouth,US,VA
4780011,Portsmouth Heights,US,VA
4780087,Potomac Mills,US,VA
4780577,Pulaski,US,VA
4780641,Purcellville,US,VA
4780837,Radford,US,VA
4781530,Reston,US,VA
4781708,Richmond,US,VA
4781711,Richlands,US,VA
4782167,Roanoke,US,VA
4782864,Rose Hill,US,VA
4784112,Salem,US,VA
4784352,Sandston,US,VA
4784902,Seven Corners,US,VA
4785576,Short Pump,US,VA
4786274,Smithfield,US,VA
4786522,South Boston,US,VA
4786667,South Riding,US,VA
4786714,South Suffolk,US,VA
4787117,Springfield,US,VA
4787440,Staunton,US,VA
4787534,Sterling,US,VA
4787974,Strasburg,US,VA
4788070,Stuarts Draft,US,VA
4788145,Sudley,US,VA
4788158,Suffolk,US,VA
4788216,Sugarland Run,US,VA
4789648,Timberlake,US,VA
4790025,Triangle,US,VA
4790207,Tuckahoe,US,VA
4790534,Tysons Corner,US,VA
4791160,Vienna,US,VA
4791237,Vinton,US,VA
4791259,Virginia Beach,US,VA
4792255,Warrenton,US,VA
4792522,Waynesboro,US,VA
4792829,West Gate,US,VA
4792867,West Lynchburg,US,VA
4792901,West Springfield,US,VA
4793846,Williamsburg,US,VA
4794120,Winchester,US,VA
4794350,Wolf Trap,US,VA
4794531,Woodlawn,US,VA
4794641,Woodstock,US,VA
4794814,Wyndham,US,VA
4794837,Wytheville,US,VA
4794966,Yorkshire,US,VA
7257902,Fort Belvoir,US,VA
7258318,Mount Vernon,US,VA
7728582,Woodlake,US,VA
8097131,Oak Hill,US,VA
5233500,Barre,US,VT
5233742,Bennington,US,VT
5234141,Brattleboro,US,VT
5234372,Burlington,US,VT
5235024,Colchester,US,VT
5235952,Essex Junction,US,VT
5238190,Lyndon,US,VT
5238499,Middlebury (village),US,VT
5238685,Montpelier,US,VT
5238755,Morristown,US,VT
5240399,Rockingham,US,VT
5240509,Rutland,US,VT
5240569,Saint Albans,US,VT
5240656,Saint Johnsbury,US,VT
5241248,South Burlington,US,VT
5243008,Williston,US,VT
5243081,Winooski,US,VT
6424355,St Johnsbury,US,VT
5555235,Lea Hill,US,WA
5785243,Aberdeen,US,WA
5785378,Airway Heights,US,WA
5785453,Alderwood Manor,US,WA
5785657,Anacortes,US,WA
5785868,Arlington,US,WA
5785909,Artondale,US,WA
5785965,Auburn,US,WA
5786322,Barberton,US,WA
5786485,Battle Ground,US,WA
5786882,Bellevue,US,WA
5786899,Bellingham,US,WA
5787316,Birch Bay,US,WA
5787776,Bonney Lake,US,WA
5787829,Bothell,US,WA
5787893,Boulevard Park,US,WA
5788054,Bremerton,US,WA
5788125,Brier,US,WA
5788516,Burien,US,WA
5788539,Burlington,US,WA
5788816,Camano,US,WA
5788822,Camas,US,WA
5789683,Centralia,US,WA
5789817,Chehalis,US,WA
5789856,Cheney,US,WA
5790218,Clarkston,US,WA
5790562,College Place,US,WA
5790971,Cottage Lake,US,WA
5791127,Country Homes,US,WA
5791159,Covington,US,WA
5792244,Des Moines,US,WA
5792474,Dishman,US,WA
5792869,DuPont,US,WA
5792990,Duvall,US,WA
5793237,East Port Orchard,US,WA
5793242,East Renton Highlands,US,WA
5793271,East Wenatchee,US,WA
5793272,East Wenatchee Bench,US,WA
5793406,Edgewood,US,WA
5793427,Edmonds,US,WA
5793609,Elk Plain,US,WA
5793639,Ellensburg,US,WA
5793822,Enumclaw,US,WA
5793832,Ephrata,US,WA
5793933,Everett,US,WA
5794097,Fairwood,US,WA
5794098,Fairwood,US,WA
5794242,Felida,US,WA
5794245,Federal Way,US,WA
5794276,Ferndale,US,WA
5794328,Fife,US,WA
5794369,Finley,US,WA
5794416,Fircrest,US,WA
5794559,Five Corners,US,WA
5795011,Frederickson,US,WA
5795440,Gig Harbor,US,WA
5795906,Graham,US,WA
5795969,Grandview,US,WA
5796984,Hazel Dell,US,WA
5797430,Hobart,US,WA
5797693,Hoquiam,US,WA
5798487,Issaquah,US,WA
5799571,Kelso,US,WA
5799587,Kenmore,US,WA
5799610,Kennewick,US,WA
5799625,Kent,US,WA
5799819,Kingsgate,US,WA
5799841,Kirkland,US,WA
5799884,Klahanie,US,WA
5800112,Lacey,US,WA
5800227,Lake Forest Park,US,WA
5800314,Lake Shore,US,WA
5800317,Lake Stevens,US,WA
5800420,Lakewood,US,WA
5800870,Liberty Lake,US,WA
5801617,Longview,US,WA
5802035,Lynden,US,WA
5802049,Lynnwood,US,WA
5802236,Maltby,US,WA
5802247,Manchester,US,WA
5802340,Maple Valley,US,WA
5802349,Maplewood,US,WA
5802493,Martha Lake,US,WA
5802570,Marysville,US,WA
5802984,Mead,US,WA
5803066,Medical Lake,US,WA
5803139,Mercer Island,US,WA
5803357,Midland,US,WA
5803457,Mill Creek,US,WA
5803482,Mill Plain,US,WA
5803556,Milton,US,WA
5803622,Minnehaha,US,WA
5803786,Monroe,US,WA
5803990,Moses Lake,US,WA
5804127,Mount Vernon,US,WA
5804135,Mount Vista,US,WA
5804191,Mountlake Terrace,US,WA
5804306,Mukilteo,US,WA
5804676,Newcastle,US,WA
5804885,Normandy Park,US,WA
5804915,North Bend,US,WA
5804953,North Creek,US,WA
5805441,Oak Harbor,US,WA
5805505,Ocean Shores,US,WA
5805687,Olympia,US,WA
5805782,Opportunity,US,WA
5805815,Orchards,US,WA
5805849,Orting,US,WA
5805879,Othello,US,WA
5806017,Pacific,US,WA
5806253,Parkland,US,WA
5806274,Parkwood,US,WA
5806298,Pasco,US,WA
5807212,Port Angeles,US,WA
5807236,Port Orchard,US,WA
5807239,Port Townsend,US,WA
5807337,Poulsbo,US,WA
5807367,Prairie Ridge,US,WA
5807487,Prosser,US,WA
5807540,Pullman,US,WA
5807575,Puyallup,US,WA
5807713,Quincy,US,WA
5808079,Redmond,US,WA
5808189,Renton,US,WA
5808276,Richland,US,WA
5808432,Riverton,US,WA
5809333,Salmon Creek,US,WA
5809402,Sammamish,US,WA
5809805,SeaTac,US,WA
5809844,Seattle,US,WA
5809902,Sedro-Woolley,US,WA
5809928,Selah,US,WA
5809983,Sequim,US,WA
5810176,Shelton,US,WA
5810301,Shoreline,US,WA
5810490,Silverdale,US,WA
5810988,Snohomish,US,WA
5810995,Snoqualmie,US,WA
5811456,South Hill,US,WA
5811581,Spanaway,US,WA
5811696,Spokane,US,WA
5811729,Spokane Valley,US,WA
5811995,Stanwood,US,WA
5812092,Steilacoom,US,WA
5812434,Sudden Valley,US,WA
5812505,Summit,US,WA
5812543,Sumner,US,WA
5812604,Sunnyside,US,WA
5812944,Tacoma,US,WA
5813249,Terrace Heights,US,WA
5813747,Toppenish,US,WA
5813832,Tracyton,US,WA
5814043,Tukwila,US,WA
5814047,Tulalip,US,WA
5814095,Tumwater,US,WA
5814419,Union Gap,US,WA
5814450,University Place,US,WA
5814616,Vancouver,US,WA
5814647,Vashon,US,WA
5814686,Veradale,US,WA
5814916,Walla Walla,US,WA
5814941,Waller,US,WA
5814950,Walnut Grove,US,WA
5815136,Washougal,US,WA
5815342,Wenatchee,US,WA
5815538,West Lake Sammamish,US,WA
5815539,West Lake Stevens,US,WA
5815599,West Richland,US,WA
5815605,West Valley,US,WA
5815759,White Center,US,WA
5816320,Bainbridge Island,US,WA
5816413,Wollochet,US,WA
5816449,Woodinville,US,WA
5816457,Woodland,US,WA
5816494,Woods Creek,US,WA
5816605,Yakima,US,WA
5816656,Yelm,US,WA
7174365,City of Sammamish,US,WA
7176035,Silver Firs,US,WA
7260679,Clarkston Heights-Vineland,US,WA
7260845,Bangor Trident Base,US,WA
7260966,Bryn Mawr-Skyway,US,WA
7261292,Fort Lewis,US,WA
7261476,Inglewood-Finn Hill,US,WA
7261595,Lake Morton-Berrydale,US,WA
7261608,Lakeland North,US,WA
7261609,Lakeland South,US,WA
7261759,East Hill-Meridian,US,WA
7262053,Otis Orchards-East Farms,US,WA
7262428,Union Hill-Novelty Hill,US,WA
7262495,West Clarkston-Highland,US,WA
7262515,West Side Highway,US,WA
7262660,Tanglewilde-Thompson Place,US,WA
5243770,Allouez,US,WI
5243819,Altoona,US,WI
5244010,Antigo,US,WI
5244080,Appleton,US,WI
5244247,Ashland,US,WI
5244267,Ashwaubenon,US,WI
5244638,Baraboo,US,WI
5245193,Beaver Dam,US,WI
5245359,Bellevue,US,WI
5245387,Beloit,US,WI
5245497,Berlin,US,WI
5246835,Brookfield,US,WI
5246917,Brown Deer,US,WI
5247214,Burlington,US,WI
5247415,Caledonia,US,WI
5248171,Cedarburg,US,WI
5248511,Chippewa Falls,US,WI
5249503,Cottage Grove,US,WI
5249871,Cudahy,US,WI
5250188,De Forest,US,WI
5250201,De Pere,US,WI
5250393,Delafield,US,WI
5250399,Delavan,US,WI
5251436,Eau Claire,US,WI
5251524,Edgerton,US,WI
5251729,Elkhorn,US,WI
5251784,Elm Grove,US,WI
5252182,Evansville,US,WI
5253219,Fitchburg,US,WI
5253352,Fond du Lac,US,WI
5253498,Fort Atkinson,US,WI
5253662,Fox Point,US,WI
5253710,Franklin,US,WI
5254218,Germantown,US,WI
5254404,Glendale,US,WI
5254739,Grafton,US,WI
5254962,Green Bay,US,WI
5255057,Greendale,US,WI
5255068,Greenfield,US,WI
5255320,Hales Corners,US,WI
5255628,Hartford,US,WI
5255640,Hartland,US,WI
5256613,Holmen,US,WI
5257029,Howard,US,WI
5257080,Hudson,US,WI
5257669,Jackson,US,WI
5257754,Janesville,US,WI
5257784,Jefferson,US,WI
5258296,Kaukauna,US,WI
5258393,Kenosha,US,WI
5258575,Kimberly,US,WI
5258916,Kronenwetter,US,WI
5258957,La Crosse,US,WI
5259169,Lake Geneva,US,WI
5259182,Lake Hallie,US,WI
5259218,Lake Mills,US,WI
5260262,Little Chute,US,WI
5261457,Madison,US,WI
5261585,Manitowoc,US,WI
5261852,Marinette,US,WI
5261969,Marshfield,US,WI
5262137,Mayville,US,WI
5262262,McFarland,US,WI
5262596,Menasha,US,WI
5262630,Menomonee Falls,US,WI
5262634,Menomonie,US,WI
5262649,Mequon,US,WI
5262680,Merrill,US,WI
5262838,Middleton,US,WI
5263023,Milton,US,WI
5263045,Milwaukee,US,WI
5263323,Monona,US,WI
5263331,Monroe,US,WI
5263667,Mount Horeb,US,WI
5263965,Mukwonago,US,WI
5264049,Muskego,US,WI
5264223,Neenah,US,WI
5264381,New Berlin,US,WI
5264455,New London,US,WI
5264475,New Richmond,US,WI
5264814,North Fond du Lac,US,WI
5264870,North La Crosse,US,WI
5265228,Oak Creek,US,WI
5265499,Oconomowoc,US,WI
5265702,Onalaska,US,WI
5265785,Oregon,US,WI
5265838,Oshkosh,US,WI
5266731,Pewaukee,US,WI
5267332,Platteville,US,WI
5267403,Pleasant Prairie,US,WI
5267537,Plover,US,WI
5267585,Plymouth,US,WI
5267776,Port Washington,US,WI
5267785,Portage,US,WI
5268002,Prairie du Chien,US,WI
5268249,Racine,US,WI
5268570,Reedsburg,US,WI
5268720,Rhinelander,US,WI
5268742,Rib Mountain,US,WI
5268798,Rice Lake,US,WI
5268838,Richfield,US,WI
5268850,Richland Center,US,WI
5268955,Ripon,US,WI
5268986,River Falls,US,WI
5269583,Rothschild,US,WI
5270249,Saint Francis,US,WI
5271991,Salem,US,WI
5272873,Shawano,US,WI
5272893,Sheboygan,US,WI
5272907,Sheboygan Falls,US,WI
5273084,Shorewood,US,WI
5273439,Slinger,US,WI
5273614,Somers,US,WI
5273812,South Milwaukee,US,WI
5273927,Sparta,US,WI
5274644,Stevens Point,US,WI
5274787,Stoughton,US,WI
5274867,Sturgeon Bay,US,WI
5274885,Sturtevant,US,WI
5274887,Suamico,US,WI
5275020,Sun Prairie,US,WI
5275191,Superior,US,WI
5275222,Sussex,US,WI
5275760,Tichigan,US,WI
5275871,Tomah,US,WI
5276542,Twin Lakes,US,WI
5276609,Two Rivers,US,WI
5277142,Verona,US,WI
5278003,Waterford,US,WI
5278005,Watertown,US,WI
5278052,Waukesha,US,WI
5278073,Waunakee,US,WI
5278083,Waupaca,US,WI
5278106,Waupun,US,WI
5278120,Wausau,US,WI
5278159,Wauwatosa,US,WI
5278420,West Allis,US,WI
5278422,West Bend,US,WI
5278693,Weston,US,WI
5278897,Whitefish Bay,US,WI
5278931,Whitewater,US,WI
5279285,Wind Lake,US,WI
5279436,Wisconsin Rapids,US,WI
4798308,Beckley,US,WV
4799622,Bluefield,US,WV
4800081,Bridgeport,US,WV
4800195,Brookhaven,US,WV
4800587,Buckhannon,US,WV
4801850,Charles Town,US,WV
4801859,Charleston,US,WV
4801895,Cheat Lake,US,WV
4802316,Clarksburg,US,WV
4803372,Cross Lanes,US,WV
4804563,Dunbar,US,WV
4805033,Elkins,US,WV
4805404,Fairmont,US,WV
4807310,Grafton,US,WV
4809537,Huntington,US,WV
4809558,Hurricane,US,WV
4810884,Keyser,US,WV
4813878,Martinsburg,US,WV
4815352,Morgantown,US,WV
4815462,Moundsville,US,WV
4816520,New Martinsville,US,WV
4816665,Nitro,US,WV
4816993,Oak Hill,US,WV
4817641,Parkersburg,US,WV
4817825,Pea Ridge,US,WV
4819079,Princeton,US,WV
4820938,Saint Albans,US,WV
4822764,South Charleston,US,WV
4824469,Teays Valley,US,WV
4825976,Vienna,US,WV
5280814,Weirton,US,WV
5280822,Weirton Heights,US,WV
5280854,Wheeling,US,WV
5820705,Casper,US,WY
5821086,Cheyenne,US,WY
5821593,Cody,US,WY
5823516,Douglas,US,WY
5824805,Evanston,US,WY
5826027,Gillette,US,WY
5826559,Green River,US,WY
5828648,Jackson,US,WY
5830007,Lander,US,WY
5830062,Laramie,US,WY
5835606,Powell,US,WY
5835956,Ranchettes,US,WY
5836068,Rawlins,US,WY
5836665,Riverton,US,WY
5836898,Rock Springs,US,WY
5838198,Sheridan,US,WY
5841207,Torrington,US,WY
5843495,Worland,US,WY